http://www.theawl.com/2016/05/new-york-city-may-3-2016,http://cdn0.theawl.com/wp-content/uploads/2016/05/weather-review-sky-050316.jpg
http://www.theawl.com/2016/05/new-york-city-may-2-2016,http://cdn.theawl.com/wp-content/uploads/2016/05/weather-review-sky-050216.jpg
http://www.theawl.com/2016/05/new-york-city-may-1-2016,http://cdn.theawl.com/wp-content/uploads/2016/05/weather-review-sky-050116.jpg
http://www.theawl.com/2016/04/new-york-city-april-28-2016,http://cdn0.theawl.com/wp-content/uploads/2016/04/weather-review-sky-042816.jpg
http://www.theawl.com/2016/04/new-york-city-april-27-2016,http://cdn.theawl.com/wp-content/uploads/2016/04/weather-review-sky-042716.jpg
http://www.theawl.com/2016/04/new-york-city-april-26-2016,http://cdn0.theawl.com/wp-content/uploads/2016/04/weather-review-sky-042616.jpg
http://www.theawl.com/2016/04/new-york-city-april-25-2016,http://cdn.theawl.com/wp-content/uploads/2016/04/weather-review-sky-042516.jpg
http://www.theawl.com/2016/04/new-york-city-april-24-2016,http://cdn2.theawl.com/wp-content/uploads/2016/04/weather-review-sky-042416.jpg
http://www.theawl.com/2016/04/new-york-city-april-21-2016,http://cdn.theawl.com/wp-content/uploads/2016/04/weather-review-sky-042116.jpg
http://www.theawl.com/2016/04/new-york-city-april-20-2016,http://cdn2.theawl.com/wp-content/uploads/2016/04/weather-review-sky-042016.jpg
http://www.theawl.com/2016/04/new-york-city-april-19-2016,http://cdn2.theawl.com/wp-content/uploads/2016/04/weather-review-sky-041916.jpg
http://www.theawl.com/2016/04/new-york-city-april-18-2016,http://cdn.theawl.com/wp-content/uploads/2016/04/weather-review-sky-041816.jpg
http://www.theawl.com/2016/04/new-york-city-april-17-2016,http://cdn2.theawl.com/wp-content/uploads/2016/04/weather-review-sky-041716.jpg
http://www.theawl.com/2016/04/new-york-city-april-14-2016,http://cdn0.theawl.com/wp-content/uploads/2016/04/weather-review-sky-041416.jpg
http://www.theawl.com/2016/04/new-york-city-april-13-2016,http://cdn0.theawl.com/wp-content/uploads/2016/04/weather-review-sky-041316.jpg
http://www.theawl.com/2016/04/new-york-city-april-12-2016,http://cdn.theawl.com/wp-content/uploads/2016/04/weather-review-sky-041216.jpg
http://www.theawl.com/2016/04/new-york-city-april-11-2016,http://cdn2.theawl.com/wp-content/uploads/2016/04/weather-review-sky-041116.jpg
http://www.theawl.com/2016/04/new-york-city-april-10-2016,http://cdn.theawl.com/wp-content/uploads/2016/04/weather-review-sky-041016-640x361.jpg
http://www.theawl.com/2016/04/new-york-city-april-7-2016,http://cdn2.theawl.com/wp-content/uploads/2016/04/weather-review-sky-040716.jpg
http://www.theawl.com/2016/04/new-york-city-april-6-2016,http://cdn.theawl.com/wp-content/uploads/2016/04/weather-review-sky-040616.jpg
http://www.theawl.com/2016/04/new-york-city-april-5-2016,http://cdn0.theawl.com/wp-content/uploads/2016/04/weather-review-sky-040516.jpg
http://www.theawl.com/2016/04/new-york-city-april-4-2016,http://cdn.theawl.com/wp-content/uploads/2016/04/weather-review-sky-040416-640x361.jpg
http://www.theawl.com/2016/04/new-york-city-april-3-2016,http://cdn.theawl.com/wp-content/uploads/2016/04/weather-review-sky-040316.jpg
http://www.theawl.com/2016/04/new-york-city-march-31-2016,http://cdn0.theawl.com/wp-content/uploads/2016/04/weather-review-sky-033116.jpg
http://www.theawl.com/2016/03/new-york-city-march-30-2016,http://cdn0.theawl.com/wp-content/uploads/2016/03/weather-review-sky-033016.jpg
http://www.theawl.com/2016/03/new-york-city-march-29-2016,http://cdn.theawl.com/wp-content/uploads/2016/03/weather-review-sky-032916.jpg
http://www.theawl.com/2016/03/new-york-city-march-28-2016,http://cdn0.theawl.com/wp-content/uploads/2016/03/weather-review-sky-032816.jpg
http://www.theawl.com/2016/03/new-york-city-march-27-2016,http://cdn0.theawl.com/wp-content/uploads/2016/03/weather-review-sky-032716.jpg
http://www.theawl.com/2016/03/new-york-city-march-24-2016,http://cdn.theawl.com/wp-content/uploads/2016/03/weather-review-sky-0324161.jpg
http://www.theawl.com/2016/03/new-york-city-march-22-2016,http://cdn0.theawl.com/wp-content/uploads/2016/03/weather-review-sky-032216.jpg
http://www.theawl.com/2016/03/new-york-city-march-20-2016,http://cdn.theawl.com/wp-content/uploads/2016/03/weather-review-sky-032016.jpg
http://www.theawl.com/2016/03/new-york-city-march-17-2016,http://cdn0.theawl.com/wp-content/uploads/2016/03/weather-review-sky-031716.jpg
http://www.theawl.com/2016/03/new-york-city-march-16-2016,http://cdn0.theawl.com/wp-content/uploads/2016/03/weather-review-sky-031616.jpg
http://www.theawl.com/2016/03/new-york-city-march-15-2016,http://cdn2.theawl.com/wp-content/uploads/2016/03/weather-review-sky-031516.jpg
http://www.theawl.com/2016/03/new-york-city-march-14-2016,http://cdn.theawl.com/wp-content/uploads/2016/03/weather-review-sky-031416.jpg
http://www.theawl.com/2016/03/new-york-city-march-13-2016,http://cdn2.theawl.com/wp-content/uploads/2016/03/weather-review-sky-031316.jpg
http://www.theawl.com/2016/03/new-york-city-march-10-2016,http://cdn.theawl.com/wp-content/uploads/2016/03/weather-review-sky-031016.jpg
http://www.theawl.com/2016/03/new-york-city-march-9-2016,http://cdn2.theawl.com/wp-content/uploads/2016/03/weather-review-sky-030916.jpg
http://www.theawl.com/2016/03/new-york-city-march-8-2016,http://cdn2.theawl.com/wp-content/uploads/2016/03/weather-review-sky-030816.jpg
http://www.theawl.com/2016/03/new-york-city-march-7-2016,http://cdn2.theawl.com/wp-content/uploads/2016/03/weather-review-sky-030716.jpg
http://www.theawl.com/2016/03/aberdeen-maryland-to-new-york-city-march-6-2016,http://cdn.theawl.com/wp-content/uploads/2016/03/weather-review-sky-030616.jpg
http://www.theawl.com/2016/03/new-york-city-march-3-2016,http://cdn.theawl.com/wp-content/uploads/2016/03/weather-review-sky-030316.jpg
http://www.theawl.com/2016/03/new-york-city-march-2-2016,http://cdn.theawl.com/wp-content/uploads/2016/03/weather-review-sky-030216.jpg
http://www.theawl.com/2016/03/new-york-city-march-1-2016,http://cdn2.theawl.com/wp-content/uploads/2016/03/weather-review-sky-030116.jpg
http://www.theawl.com/2016/03/new-york-city-february-29-2016,http://cdn.theawl.com/wp-content/uploads/2016/03/weather-review-sky-022916.jpg
http://www.theawl.com/2016/02/new-york-city-february-28-2016,http://cdn.theawl.com/wp-content/uploads/2016/02/weather-review-sky-022816.jpg
http://www.theawl.com/2016/02/new-york-city-february-25-2016,http://cdn0.theawl.com/wp-content/uploads/2016/02/weather-review-sky-022516.jpg
http://www.theawl.com/2016/02/new-york-city-february-24-2016,http://cdn0.theawl.com/wp-content/uploads/2016/02/weather-review-sky-022416.jpg
http://www.theawl.com/2016/02/new-york-city-february-23-2016,http://cdn.theawl.com/wp-content/uploads/2016/02/weather-review-sky-022316.jpg
http://www.theawl.com/2016/02/new-york-city-february-22-2016,http://cdn0.theawl.com/wp-content/uploads/2016/02/weather-review-sky-022216.jpg
http://www.theawl.com/2016/02/new-york-city-february-21-2016,http://cdn0.theawl.com/wp-content/uploads/2016/02/weather-review-sky-022116.jpg
http://www.theawl.com/2016/02/new-york-city-february-18-2016,http://cdn0.theawl.com/wp-content/uploads/2016/02/weather-review-sky-021816.jpg
http://www.theawl.com/2016/02/new-york-city-february-17-2016,http://cdn.theawl.com/wp-content/uploads/2016/02/weather-review-sky-021716.jpg
http://www.theawl.com/2016/02/new-york-city-february-16-2016,http://cdn2.theawl.com/wp-content/uploads/2016/02/weather-review-sky-021616.jpg
http://www.theawl.com/2016/02/new-york-city-february-15-2016,http://cdn2.theawl.com/wp-content/uploads/2016/02/weather-review-sky-021516.jpg
http://www.theawl.com/2016/02/new-york-city-february-14-2016,http://cdn2.theawl.com/wp-content/uploads/2016/02/weather-review-sky-021416.jpg
http://www.theawl.com/2016/02/new-york-city-february-10-2016,http://cdn2.theawl.com/wp-content/uploads/2016/02/weather-review-sky-021016.jpg
http://www.theawl.com/2016/02/new-york-city-february-9-2016,http://cdn.theawl.com/wp-content/uploads/2016/02/weather-review-sky-020916.jpg
http://www.theawl.com/2016/02/new-york-city-february-8-2016,http://cdn.theawl.com/wp-content/uploads/2016/02/weather-review-sky-020816.jpg
http://www.theawl.com/2016/02/aberdeen-maryland-to-new-york-city-february-7-2016,http://cdn0.theawl.com/wp-content/uploads/2016/02/weather-review-sky-020716.jpg
http://www.theawl.com/2016/02/new-york-city-february-4-2016,http://cdn.theawl.com/wp-content/uploads/2016/02/weather-review-sky-020416.jpg
http://www.theawl.com/2016/02/new-york-city-february-3-2016,http://cdn2.theawl.com/wp-content/uploads/2016/02/weather-review-sky-020316.jpg
http://www.theawl.com/2016/02/new-york-city-february-1-2016,http://cdn2.theawl.com/wp-content/uploads/2016/02/weather-review-sky-020216.jpg
http://www.theawl.com/2016/02/new-york-city-february-1-2016-2,http://cdn0.theawl.com/wp-content/uploads/2016/02/weather-review-sky-020116.jpg
http://www.theawl.com/2016/02/new-york-city-january-31-2016,http://cdn2.theawl.com/wp-content/uploads/2016/01/weather-review-sky-013116.jpg
http://www.theawl.com/2016/01/new-york-city-january-28-2016,http://cdn2.theawl.com/wp-content/uploads/2016/01/weather-review-sky-012816.jpg
http://www.theawl.com/2016/01/new-york-city-january-27-2016,http://cdn2.theawl.com/wp-content/uploads/2016/01/weather-review-sky-012716.jpg
http://www.theawl.com/2016/01/new-york-city-january-26-2016,http://cdn2.theawl.com/wp-content/uploads/2016/01/weather-review-sky-012616.jpg
http://www.theawl.com/2016/01/new-york-city-january-25-2016,http://cdn2.theawl.com/wp-content/uploads/2016/01/weather-review-sky-012516.jpg
http://www.theawl.com/2016/01/new-york-city-january-24-2016,http://cdn2.theawl.com/wp-content/uploads/2016/01/weather-review-sky-0124161.jpg
http://www.theawl.com/2016/01/new-york-city-january-21-2016,http://cdn0.theawl.com/wp-content/uploads/2016/01/weather-review-sky-012116.jpg
http://www.theawl.com/2016/01/new-york-city-january-20-2016,http://cdn0.theawl.com/wp-content/uploads/2016/01/weather-review-sky-012016.jpg
http://www.theawl.com/2016/01/new-york-city-january-19-2016,http://cdn2.theawl.com/wp-content/uploads/2016/01/weather-review-sky-011916.jpg
http://www.theawl.com/2016/01/new-york-city-january-18-2016,http://cdn0.theawl.com/wp-content/uploads/2016/01/weather-review-sky-011816.jpg
http://www.theawl.com/2016/01/new-york-city-january-14-2016,http://cdn2.theawl.com/wp-content/uploads/2016/01/weather-review-sky-011416.jpg
http://www.theawl.com/2016/01/new-york-city-january-13-2016,http://cdn2.theawl.com/wp-content/uploads/2016/01/weather-review-sky-011316.jpg
http://www.theawl.com/2016/01/new-york-city-january-12-2016,http://cdn0.theawl.com/wp-content/uploads/2016/01/weather-review-sky-011216.jpg
http://www.theawl.com/2016/01/new-york-city-january-11-2016,http://cdn2.theawl.com/wp-content/uploads/2016/01/weather-review-sky-011116.jpg
http://www.theawl.com/2016/01/new-york-city-january-10-2016,http://cdn0.theawl.com/wp-content/uploads/2016/01/weather-review-sky-011016.jpg
http://www.theawl.com/2016/01/new-york-city-january-7-2016,http://cdn0.theawl.com/wp-content/uploads/2016/01/weather-review-sky-010716.jpg
http://www.theawl.com/2016/01/new-york-city-january-6-2015-2,http://cdn0.theawl.com/wp-content/uploads/2016/01/weather-review-sky-010615.jpg
http://www.theawl.com/2016/01/new-york-city-january-5-2016,http://cdn0.theawl.com/wp-content/uploads/2016/01/weather-review-sky-010516.jpg
http://www.theawl.com/2016/01/new-york-city-january-4-2016,http://cdn.theawl.com/wp-content/uploads/2016/01/weather-review-sky-010416.jpg
http://www.theawl.com/2016/01/new-york-city-january-3-2016,http://cdn.theawl.com/wp-content/uploads/2016/01/weather-review-sky-010316.jpg
http://www.theawl.com/2015/12/new-york-city-december-30-2015,http://cdn.theawl.com/wp-content/uploads/2015/12/weather-review-sky-123015.jpg
http://www.theawl.com/2015/12/new-york-city-december-29-2015,http://cdn0.theawl.com/wp-content/uploads/2015/12/weather-review-sky122915.jpg
http://www.theawl.com/2015/12/new-york-city-december-28-2015,http://cdn0.theawl.com/wp-content/uploads/2015/12/weather-review-sky-122815.jpg
http://www.theawl.com/2015/12/new-york-city-to-elizabeth-new-jersey-to-new-york-city-december-27-2015,http://cdn2.theawl.com/wp-content/uploads/2015/12/weather-review-sky-122715.jpg
http://www.theawl.com/2015/12/new-york-city-december-23-2015,http://cdn.theawl.com/wp-content/uploads/2015/12/weather-review-sky-122315.jpg
http://www.theawl.com/2015/12/new-york-city-december-22-2015,http://cdn.theawl.com/wp-content/uploads/2015/12/weather-review-sky-122215.jpg
http://www.theawl.com/2015/12/new-york-city-december-21-2015,http://cdn0.theawl.com/wp-content/uploads/2015/12/weather-review-sky-122115.jpg
http://www.theawl.com/2015/12/new-york-city-december-20-2015,http://cdn.theawl.com/wp-content/uploads/2015/12/weather-review-sky-122015.jpg
http://www.theawl.com/2015/12/new-york-city-december-17-2015,http://cdn0.theawl.com/wp-content/uploads/2015/12/weather-review-sky-121715.jpg
http://www.theawl.com/2015/12/new-york-city-december-16-2015,http://cdn.theawl.com/wp-content/uploads/2015/12/weather-review-sky-121615.jpg
http://www.theawl.com/2015/12/new-york-city-december-15-2015,http://cdn0.theawl.com/wp-content/uploads/2015/12/weather-review-sky-121515.jpg
http://www.theawl.com/2015/12/new-york-city-december-14-2015,http://cdn2.theawl.com/wp-content/uploads/2015/12/weather-review-sky-121415.jpg
http://www.theawl.com/2015/12/new-york-city-december-13-2015,http://cdn0.theawl.com/wp-content/uploads/2015/12/weather-review-sky-121315.jpg
http://www.theawl.com/2015/12/new-york-city-december-10-2015,http://cdn.theawl.com/wp-content/uploads/2015/12/weather-review-sky-121015.jpg
http://www.theawl.com/2015/12/new-york-city-december-9-2015,http://cdn.theawl.com/wp-content/uploads/2015/12/weather-review-sky-120915.jpg
http://www.theawl.com/2015/12/new-york-city-december-8-2015,http://cdn.theawl.com/wp-content/uploads/2015/12/weather-review-sky-120815.jpg
http://www.theawl.com/2015/12/new-york-city-december-7-2015,http://cdn0.theawl.com/wp-content/uploads/2015/12/weather-review-sky-120715.jpg
http://www.theawl.com/2015/12/new-york-city-december-6-2015,http://cdn2.theawl.com/wp-content/uploads/2015/12/weather-review-sky-120615.jpg
http://www.theawl.com/2015/12/new-york-city-december-3-2015,http://cdn0.theawl.com/wp-content/uploads/2015/12/weather-review-sky-120315.jpg
http://www.theawl.com/2015/12/new-york-city-december-2-2015,http://cdn.theawl.com/wp-content/uploads/2015/12/weather-review-sky-120215.jpg
http://www.theawl.com/2015/12/new-york-city-december-1-2015,http://cdn2.theawl.com/wp-content/uploads/2015/12/weather-review-sky-120115.jpg
http://www.theawl.com/2015/12/new-york-city-november-30-2015,http://cdn2.theawl.com/wp-content/uploads/2015/11/weather-review-sky-113015.jpg
http://www.theawl.com/2015/11/new-york-city-november-29-2015,http://cdn.theawl.com/wp-content/uploads/2015/11/weather-review-sky-112915.jpg
http://www.theawl.com/2015/11/new-york-city-november-24-2015,http://cdn.theawl.com/wp-content/uploads/2015/11/weather-review-sky-112415.jpg
http://www.theawl.com/2015/11/a-day-in-sandyland,http://i.imgur.com/VqbTNWy.gif
http://www.theawl.com/2015/11/new-york-city-november-23-2015,http://cdn.theawl.com/wp-content/uploads/2015/11/weather-review-sky-112315.jpg
http://www.theawl.com/2015/11/new-york-city-november-22-2015,http://cdn2.theawl.com/wp-content/uploads/2015/11/weather-review-sky-112215.jpg
http://www.theawl.com/2015/11/new-york-city-november-19-2015,http://cdn.theawl.com/wp-content/uploads/2015/11/weather-review-sky-111915.jpg
http://www.theawl.com/2015/11/new-york-city-november-18-2015,http://cdn.theawl.com/wp-content/uploads/2015/11/weather-review-sky-111815.jpg
http://www.theawl.com/2015/11/new-york-city-november-17-2015,http://cdn2.theawl.com/wp-content/uploads/2015/11/weather-review-sky-111715.jpg
http://www.theawl.com/2015/11/new-york-city-november-16-2015,http://cdn0.theawl.com/wp-content/uploads/2015/11/weather-review-sky-111615.jpg
http://www.theawl.com/2015/11/new-york-city-november-15-2015,http://cdn.theawl.com/wp-content/uploads/2015/11/weather-review-sky-111515.jpg
http://www.theawl.com/2015/11/new-york-city-november-12-2015,http://cdn0.theawl.com/wp-content/uploads/2015/11/weather-review-sky-111215.jpg
http://www.theawl.com/2015/11/new-york-city-november-11-2015,http://cdn2.theawl.com/wp-content/uploads/2015/11/weather-review-sky-111115.jpg
http://www.theawl.com/2015/11/new-york-city-november-10-2015,http://cdn0.theawl.com/wp-content/uploads/2015/11/weather-review-sky-111015.jpg
http://www.theawl.com/2015/11/new-york-city-november-9-2015,http://cdn0.theawl.com/wp-content/uploads/2015/11/weather-review-sky-1108151.jpg
http://www.theawl.com/2015/11/new-york-city-november-8-2015,http://cdn0.theawl.com/wp-content/uploads/2015/11/weather-review-sky-110815.jpg
http://www.theawl.com/2015/11/new-york-city-november-5-2015,http://cdn0.theawl.com/wp-content/uploads/2015/11/weather-review-sky-110515.jpg
http://www.theawl.com/2015/11/new-york-city-november-4-2015,http://cdn0.theawl.com/wp-content/uploads/2015/11/weather-review-sky-110415.jpg
http://www.theawl.com/2015/11/new-york-city-november-3-2015,http://cdn0.theawl.com/wp-content/uploads/2015/11/weather-review-sky-110315.jpg
http://www.theawl.com/2015/11/new-york-city-november-2-2015,http://cdn2.theawl.com/wp-content/uploads/2015/11/weather-review-sky-110215.jpg
http://www.theawl.com/2015/11/new-york-city-november-1-2015,http://cdn2.theawl.com/wp-content/uploads/2015/11/weather-review-sky-110115.jpg
http://www.theawl.com/2015/10/new-york-city-october-29-2015,http://cdn0.theawl.com/wp-content/uploads/2015/10/weather-review-sky-102915.jpg
http://www.theawl.com/2015/10/new-york-city-october-28-2015,http://cdn0.theawl.com/wp-content/uploads/2015/10/weather-review-sky-102815.jpg
http://www.theawl.com/2015/10/new-york-city-october-27-2015,http://cdn0.theawl.com/wp-content/uploads/2015/10/weather-review-sky-102715.jpg
http://www.theawl.com/2015/10/new-york-city-october-26-2015,http://cdn0.theawl.com/wp-content/uploads/2015/10/weather-review-sky-102615.jpg
http://www.theawl.com/2015/10/new-york-city-october-25-2015,http://cdn.theawl.com/wp-content/uploads/2015/10/weather-review-sky-102515.jpg
http://www.theawl.com/2015/10/new-york-city-october-22-2015,http://cdn2.theawl.com/wp-content/uploads/2015/10/weather-review-sky-102215.jpg
http://www.theawl.com/2015/10/new-york-city-october-21-2015,http://cdn.theawl.com/wp-content/uploads/2015/10/weather-review-sky-102115.jpg
http://www.theawl.com/2015/10/new-york-city-october-20-2015,http://cdn2.theawl.com/wp-content/uploads/2015/10/weather-review-sky-102015.jpg
http://www.theawl.com/2015/10/new-york-city-october-19-2015,http://cdn.theawl.com/wp-content/uploads/2015/10/weather-review-sky-101915.jpg
http://www.theawl.com/2015/10/new-york-city-october-18-2015,http://cdn0.theawl.com/wp-content/uploads/2015/10/weather-review-sky-101815.jpg
http://www.theawl.com/2015/10/new-york-city-october-15-2015,http://cdn0.theawl.com/wp-content/uploads/2015/10/weather-review-sky-101515.jpg
http://www.theawl.com/2015/10/new-york-city-october-14-2015,http://cdn2.theawl.com/wp-content/uploads/2015/10/weather-review-sky-101415.jpg
http://www.theawl.com/2015/10/new-york-city-october-13-2015,http://cdn2.theawl.com/wp-content/uploads/2015/10/weather-review-sky-101315.jpg
http://www.theawl.com/2015/10/new-york-city-october-12-2015,http://cdn0.theawl.com/wp-content/uploads/2015/10/weather-review-sky-101215.jpg
http://www.theawl.com/2015/10/new-york-city-october-11-2015,http://cdn.theawl.com/wp-content/uploads/2015/10/weather-review-sky-101115.jpg
http://www.theawl.com/2015/10/new-york-city-october-8-2015,http://cdn2.theawl.com/wp-content/uploads/2015/10/weather-review-sky-100815.jpg
http://www.theawl.com/2015/10/new-york-city-october-7-2015,http://cdn2.theawl.com/wp-content/uploads/2015/10/weather-review-sky-100715.jpg
http://www.theawl.com/2015/10/new-york-city-october-6-2015,http://cdn.theawl.com/wp-content/uploads/2015/10/weather-review-sky-100615.jpg
http://www.theawl.com/2015/10/new-york-city-october-5-2015,http://cdn0.theawl.com/wp-content/uploads/2015/10/weather-review-sky-100515.jpg
http://www.theawl.com/2015/10/new-york-city-october-4-2015,http://cdn0.theawl.com/wp-content/uploads/2015/10/weather-review-sky-100415.jpg
http://www.theawl.com/2015/10/new-york-city-october-1-2015,http://cdn2.theawl.com/wp-content/uploads/2015/10/weather-review-sky-100115.jpg
http://www.theawl.com/2015/10/new-york-city-september-30-2015,http://cdn.theawl.com/wp-content/uploads/2015/10/weather-review-sky-093015.jpg
http://www.theawl.com/2015/09/new-york-city-september-29-2015-2,http://cdn2.theawl.com/wp-content/uploads/2015/09/weather-review-sky-092815-1.jpg
http://www.theawl.com/2015/09/new-york-city-september-29-2015,http://cdn0.theawl.com/wp-content/uploads/2015/09/weather-review-sky-092815.jpg
http://www.theawl.com/2015/09/new-york-city-september-27-2015,http://cdn0.theawl.com/wp-content/uploads/2015/09/weather-review-sky-092715.jpg
http://www.theawl.com/2015/09/new-york-city-september-24-2015,http://cdn0.theawl.com/wp-content/uploads/2015/09/weather-review-sky-092415.jpg
http://www.theawl.com/2015/09/new-york-city-september-23-2015,http://cdn0.theawl.com/wp-content/uploads/2015/09/weather-review-sky-092315.jpg
http://www.theawl.com/2015/09/new-york-city-september-22-2015,http://cdn2.theawl.com/wp-content/uploads/2015/09/weather-review-sky-092215.jpg
http://www.theawl.com/2015/09/new-york-city-september-21-2015,http://cdn0.theawl.com/wp-content/uploads/2015/09/weather-review-sky-092115.jpg
http://www.theawl.com/2015/09/aberdeen-maryland-to-new-york-city-september-20-2015,http://cdn2.theawl.com/wp-content/uploads/2015/09/weather-review-sky-092015.jpg
http://www.theawl.com/2015/09/new-york-city-september-17-2015,http://cdn0.theawl.com/wp-content/uploads/2015/09/weather-review-sky-091715.jpg
http://www.theawl.com/2015/09/new-york-city-september-16-2015,http://cdn0.theawl.com/wp-content/uploads/2015/09/weather-review-sky-091615.jpg
http://www.theawl.com/2015/09/new-york-city-september-15-2015,http://cdn0.theawl.com/wp-content/uploads/2015/09/weather-review-sky-091515-1.jpg
http://www.theawl.com/2015/09/new-york-city-september-14-2015,http://cdn2.theawl.com/wp-content/uploads/2015/09/weather-review-sky-091415.jpg
http://www.theawl.com/2015/09/new-york-city-september-13-2015,http://cdn.theawl.com/wp-content/uploads/2015/09/weather-review-sky-091315.jpg
http://www.theawl.com/2015/09/new-york-city-september-10-2015,http://cdn2.theawl.com/wp-content/uploads/2015/09/weather-review-sky-091015.jpg
http://www.theawl.com/2015/09/new-york-city-september-9-2015,http://cdn0.theawl.com/wp-content/uploads/2015/09/weather-review-sky-090915.jpg
http://www.theawl.com/2015/09/new-york-city-september-8-2015,http://cdn0.theawl.com/wp-content/uploads/2015/09/weather-review-sky-090815.jpg
http://www.theawl.com/2015/09/new-york-city-september-7-2015,http://cdn.theawl.com/wp-content/uploads/2015/09/weather-review-sky-090715.jpg
http://www.theawl.com/2015/09/new-york-city-september-3-2015,http://cdn.theawl.com/wp-content/uploads/2015/09/weather-review-sky-090315.jpg
http://www.theawl.com/2015/09/new-york-city-september-2-2015,http://cdn.theawl.com/wp-content/uploads/2015/09/weather-review-sky-090215.jpg
http://www.theawl.com/2015/09/new-york-city-september-1-2015,http://cdn2.theawl.com/wp-content/uploads/2015/09/weather-review-sky-090115.jpg
http://www.theawl.com/2015/09/new-york-city-august-31-2015,http://cdn0.theawl.com/wp-content/uploads/2015/09/weather-review-sky-083115.jpg
http://www.theawl.com/2015/08/new-york-city-august-30-2015,http://cdn2.theawl.com/wp-content/uploads/2015/08/weather-review-sky-083015.jpg
http://www.theawl.com/2015/08/new-york-city-august-27-2015,http://cdn0.theawl.com/wp-content/uploads/2015/08/weather-review-sky-082715.jpg
http://www.theawl.com/2015/08/new-york-city-august-26-2015,http://cdn0.theawl.com/wp-content/uploads/2015/08/weather-review-sky-082615.jpg
http://www.theawl.com/2015/08/new-york-city-august-25-2015,http://cdn2.theawl.com/wp-content/uploads/2015/08/weather-review-sky-082515.jpg
http://www.theawl.com/2015/08/new-york-city-august-24-2015,http://cdn.theawl.com/wp-content/uploads/2015/08/weather-review-sky-082415.jpg
http://www.theawl.com/2015/08/new-york-city-to-maplewood-new-jersey-to-new-york-city-august-23-2015,http://cdn.theawl.com/wp-content/uploads/2015/08/weather-review-sky-082315.jpg
http://www.theawl.com/2015/08/new-york-city-august-20-2015,http://cdn0.theawl.com/wp-content/uploads/2015/08/weather-review-sky-082015.jpg
http://www.theawl.com/2015/08/new-york-city-august-19-2015,http://cdn.theawl.com/wp-content/uploads/2015/08/weather-review-sky-081915.jpg
http://www.theawl.com/2015/08/new-york-city-august-18-2015,http://cdn.theawl.com/wp-content/uploads/2015/08/weather-review-sky-081815.jpg
http://www.theawl.com/2015/08/new-york-city-august-17-2015,http://cdn0.theawl.com/wp-content/uploads/2015/08/weather-review-sky-081715.jpg
http://www.theawl.com/2015/08/new-york-city-august-16-2015,http://cdn0.theawl.com/wp-content/uploads/2015/08/weather-review-sky-081615.jpg
http://www.theawl.com/2015/08/new-york-city-august-13-2015,http://cdn.theawl.com/wp-content/uploads/2015/08/weather-review-sky-081315.jpg
http://www.theawl.com/2015/08/new-york-city-august-12-2015,http://cdn.theawl.com/wp-content/uploads/2015/08/weather-review-sky-081215.jpg
http://www.theawl.com/2015/08/new-york-city-august-11-2015,http://cdn2.theawl.com/wp-content/uploads/2015/08/weather-review-sky-081115.jpg
http://www.theawl.com/2015/08/new-york-city-august-10-2015,http://cdn2.theawl.com/wp-content/uploads/2015/08/weather-review-sky-081015.jpg
http://www.theawl.com/2015/08/new-york-city-august-9-2015,http://cdn2.theawl.com/wp-content/uploads/2015/08/weather-review-sky-080915.jpg
http://www.theawl.com/2015/08/new-york-city-august-6-2015,http://cdn2.theawl.com/wp-content/uploads/2015/08/weather-review-sky-080615.jpg
http://www.theawl.com/2015/08/new-york-city-august-5-2015,http://cdn.theawl.com/wp-content/uploads/2015/08/weather-review-sky-080515.jpg
http://www.theawl.com/2015/08/new-york-city-august-4-2015,http://cdn2.theawl.com/wp-content/uploads/2015/08/weather-review-sky-080415.jpg
http://www.theawl.com/2015/08/new-york-city-august-3-2015,http://cdn2.theawl.com/wp-content/uploads/2015/08/weather-review-sky-080315.jpg
http://www.theawl.com/2015/08/new-york-city-august-2-2015,http://cdn0.theawl.com/wp-content/uploads/2015/08/weather-review-sky-080215.jpg
http://www.theawl.com/2015/07/new-york-city-july-30-2015,http://cdn.theawl.com/wp-content/uploads/2015/07/weather-review-sky-073015.jpg
http://www.theawl.com/2015/07/new-york-city-july-29-2015,http://cdn.theawl.com/wp-content/uploads/2015/07/weather-review-sky-072915.jpg
http://www.theawl.com/2015/07/new-york-city-july-28-2015,http://cdn.theawl.com/wp-content/uploads/2015/07/weather-review-sky-0727151.jpg
http://www.theawl.com/2015/07/new-york-city-july-27-2015,http://cdn.theawl.com/wp-content/uploads/2015/07/weather-review-sky-072715.jpg
http://www.theawl.com/2015/07/new-york-city-july-26-2015,http://cdn0.theawl.com/wp-content/uploads/2015/07/weather-review-sky-072615.jpg
http://www.theawl.com/2015/07/bethany-beach-delaware-july-23-2015,http://cdn2.theawl.com/wp-content/uploads/2015/07/weather-review-sky-072315.jpg
http://www.theawl.com/2015/07/bethany-beach-delaware-july-22-2015,http://cdn2.theawl.com/wp-content/uploads/2015/07/weather-review-sky-072215.jpg
http://www.theawl.com/2015/07/bethany-beach-delaware-july-21-2015,http://cdn2.theawl.com/wp-content/uploads/2015/07/weather-review-sky-072115.jpg
http://www.theawl.com/2015/07/new-york-city-to-bethany-beach-delaware-july-20-2015,http://cdn0.theawl.com/wp-content/uploads/2015/07/weather-review-sky-072015.jpg
http://www.theawl.com/2015/07/bethany-beach-delaware-to-new-york-city-july-19-2015,http://cdn2.theawl.com/wp-content/uploads/2015/07/weather-review-sky-071915.jpg
http://www.theawl.com/2015/07/new-york-city-july-16-2015,http://cdn2.theawl.com/wp-content/uploads/2015/07/weather-review-sky-071615.jpg
http://www.theawl.com/2015/07/new-york-city-july-14-2015,http://cdn0.theawl.com/wp-content/uploads/2015/07/weather-review-sky-071415.jpg
http://www.theawl.com/2015/07/new-york-city-july-13-2015,http://cdn.theawl.com/wp-content/uploads/2015/07/weather-review-sky-071315.jpg
http://www.theawl.com/2015/07/new-york-city-july-12-2015,http://cdn.theawl.com/wp-content/uploads/2015/07/weather-review-sky-071215.jpg
http://www.theawl.com/2015/07/new-york-city-july-9-2015,http://cdn2.theawl.com/wp-content/uploads/2015/07/weather-review-sky-070915.jpg
http://www.theawl.com/2015/07/new-york-city-july-8-2015,http://cdn2.theawl.com/wp-content/uploads/2015/07/weather-review-sky-070815.jpg
http://www.theawl.com/2015/07/new-york-city-july-7-2015,http://cdn0.theawl.com/wp-content/uploads/2015/07/weather-review-sky-070715.jpg
http://www.theawl.com/2015/07/new-york-city-july-6-2015,http://cdn.theawl.com/wp-content/uploads/2015/07/weather-review-sky-060615.jpg
http://www.theawl.com/2015/07/new-york-city-july-5-2015,http://cdn2.theawl.com/wp-content/uploads/2015/07/weather-review-sky-070515.jpg
http://www.theawl.com/2015/07/new-york-city-july-1-2015,http://cdn.theawl.com/wp-content/uploads/2015/07/weather-review-sky-070115.jpg
http://www.theawl.com/2015/07/new-york-city-june-30-2015,http://cdn2.theawl.com/wp-content/uploads/2015/07/weather-review-sky-063015.jpg
http://www.theawl.com/2015/06/new-york-city-june-29-2015,http://cdn.theawl.com/wp-content/uploads/2015/06/weather-review-sky-062915.jpg
http://www.theawl.com/2015/06/new-york-city-june-28-2015,http://cdn0.theawl.com/wp-content/uploads/2015/06/weather-review-sky-062815.jpg
http://www.theawl.com/2015/06/new-york-city-june-24-2015,http://cdn0.theawl.com/wp-content/uploads/2015/06/weather-review-sky-062415.jpg
http://www.theawl.com/2015/06/new-york-city-june-23-2015,http://cdn.theawl.com/wp-content/uploads/2015/06/weather-review-sky-062315.jpg
http://www.theawl.com/2015/06/new-york-city-june-22-2015,http://cdn.theawl.com/wp-content/uploads/2015/06/weather-review-sky-062215.jpg
http://www.theawl.com/2015/06/new-york-city-june-21-2015,http://cdn.theawl.com/wp-content/uploads/2015/06/weather-review-sky-062115.jpg
http://www.theawl.com/2015/06/new-york-city-june-18-2015,http://cdn0.theawl.com/wp-content/uploads/2015/06/weather-review-sky-061815.jpg
http://www.theawl.com/2015/06/new-york-city-june-17-2015,http://cdn2.theawl.com/wp-content/uploads/2015/06/weather-review-sky-061715.jpg
http://www.theawl.com/2015/06/new-york-city-june-16-2015,http://cdn0.theawl.com/wp-content/uploads/2015/06/weather-review-sky-061615.jpg
http://www.theawl.com/2015/06/new-york-city-june-15-2015,http://cdn2.theawl.com/wp-content/uploads/2015/06/weather-review-sky-061515.jpg
http://www.theawl.com/2015/06/aberdeen-maryland-to-new-york-city-june-14-2015,http://cdn.theawl.com/wp-content/uploads/2015/06/weather-review-sky-061415.jpg
http://www.theawl.com/2015/06/new-york-city-june-11-2015,http://cdn2.theawl.com/wp-content/uploads/2015/06/weather-review-sky-061115.jpg
http://www.theawl.com/2015/06/new-york-city-june-10-2015,http://cdn2.theawl.com/wp-content/uploads/2015/06/weather-review-sky-061015.jpg
http://www.theawl.com/2015/06/new-york-city-june-9-2015,http://cdn.theawl.com/wp-content/uploads/2015/06/weather-review-sky-060915.jpg
http://www.theawl.com/2015/06/new-york-city-june-8-2015,http://cdn.theawl.com/wp-content/uploads/2015/06/weather-review-sky-060815.jpg
http://www.theawl.com/2015/06/new-york-city-june-7-2015,http://cdn0.theawl.com/wp-content/uploads/2015/06/weather-review-sky-060715.jpg
http://www.theawl.com/2015/06/new-york-city-june-4-2015,http://cdn0.theawl.com/wp-content/uploads/2015/06/weather-review-sky-060415.jpg
http://www.theawl.com/2015/06/new-york-city-june-3-2015,http://cdn.theawl.com/wp-content/uploads/2015/06/weather-review-sky-060315.jpg
http://www.theawl.com/2015/06/norfolk-virginia-to-new-york-city-june-2-2015,http://cdn2.theawl.com/wp-content/uploads/2015/06/weather-review-sky-060215.jpg
http://www.theawl.com/2015/06/new-york-city-to-norfolk-virginia-june-1-2015,http://cdn0.theawl.com/wp-content/uploads/2015/06/weather-review-sky-060115-e1433257811249.jpg
http://www.theawl.com/2015/05/new-york-city-may-28-2015,http://cdn.theawl.com/wp-content/uploads/2015/05/weather-review-sky-052815.jpg
http://www.theawl.com/2015/05/new-york-city-may-27-2015,http://cdn.theawl.com/wp-content/uploads/2015/05/weather-review-sky-052715.jpg
http://www.theawl.com/2015/05/new-york-city-may-26-2015,http://cdn0.theawl.com/wp-content/uploads/2015/05/weather-review-sky-052615.jpg
http://www.theawl.com/2015/05/a-series-of-wholly-unrelated-observations-about-the-vox-media-recode-acquisition,http://i.imgur.com/7hBab6D.gif
http://www.theawl.com/2015/05/new-york-city-may-25-2015,http://cdn2.theawl.com/wp-content/uploads/2015/05/weather-review-sky-052515.jpg
http://www.theawl.com/2015/05/new-york-city-may-21-2015,http://cdn2.theawl.com/wp-content/uploads/2015/05/weather-review-sky-052115.jpg
http://www.theawl.com/2015/05/new-york-city-may-20-2015,http://cdn.theawl.com/wp-content/uploads/2015/05/weather-review-sky-052015.jpg
http://www.theawl.com/2015/05/new-york-city-may-19-2015,http://cdn.theawl.com/wp-content/uploads/2015/05/weather-review-sky-051915.jpg
http://www.theawl.com/2015/05/new-york-city-may-18-2015,http://cdn0.theawl.com/wp-content/uploads/2015/05/weather-review-sky-051815.jpg
http://www.theawl.com/2015/05/new-york-city-may-17-2015-2,http://cdn.theawl.com/wp-content/uploads/2015/05/weather-review-sky-051715.jpg
http://www.theawl.com/2015/05/new-york-city-may-14-2015,http://cdn.theawl.com/wp-content/uploads/2015/05/weather-review-sky-051415.jpg
http://www.theawl.com/2015/05/new-york-city-may-13-2015,http://cdn.theawl.com/wp-content/uploads/2015/05/weather-review-sky-051315.jpg
http://www.theawl.com/2015/05/new-york-city-may-12-2015,http://cdn2.theawl.com/wp-content/uploads/2015/05/weather-review-sky-051215.jpg
http://www.theawl.com/2015/05/new-york-city-march-11-2015-2,http://cdn0.theawl.com/wp-content/uploads/2015/05/weather-review-sky-051115.jpg
http://www.theawl.com/2015/05/new-york-city-may-10-2015,http://cdn0.theawl.com/wp-content/uploads/2015/05/weather-review-sky-051015.jpg
http://www.theawl.com/2015/05/new-york-city-may-7-2015,http://cdn2.theawl.com/wp-content/uploads/2015/05/weather-review-sky-050715.jpg
http://www.theawl.com/2015/05/new-york-city-may-6-2015,http://cdn2.theawl.com/wp-content/uploads/2015/05/weather-review-sky-050615.jpg
http://www.theawl.com/2015/05/new-york-city-may-5-2015,http://cdn2.theawl.com/wp-content/uploads/2015/05/weather-review-sky-050515.jpg
http://www.theawl.com/2015/05/new-york-city-may-4-2015,http://cdn0.theawl.com/wp-content/uploads/2015/05/weather-review-sky-050415.jpg
http://www.theawl.com/2015/05/new-york-city-may-3-2015,http://cdn0.theawl.com/wp-content/uploads/2015/05/weather-review-sky-050315.jpg
http://www.theawl.com/2015/05/new-york-city-april-30-2015,http://cdn.theawl.com/wp-content/uploads/2015/05/weather-review-sky-043015.jpg
http://www.theawl.com/2015/04/new-york-city-april-29-2015,http://cdn0.theawl.com/wp-content/uploads/2015/04/weather-review-sky-042915.jpg
http://www.theawl.com/2015/04/new-york-city-april-28-2015,http://cdn.theawl.com/wp-content/uploads/2015/04/weather-review-sky-042815.jpg
http://www.theawl.com/2015/04/new-york-city-april-27-2015,http://cdn.theawl.com/wp-content/uploads/2015/04/weather-review-sky-042715.jpg
http://www.theawl.com/2015/04/new-york-city-april-26-2015,http://cdn0.theawl.com/wp-content/uploads/2015/04/weather-review-sky-042615.jpg
http://www.theawl.com/2015/04/new-york-city-april-23-2015,http://cdn.theawl.com/wp-content/uploads/2015/04/weather-review-sky-042315.jpg
http://www.theawl.com/2015/04/new-york-city-april-22-2015,http://cdn.theawl.com/wp-content/uploads/2015/04/weather-review-sky-042215a.jpg
http://www.theawl.com/2015/04/new-york-city-april-21-2015,http://cdn0.theawl.com/wp-content/uploads/2015/04/weather-review-sky-042115b.jpg
http://www.theawl.com/2015/04/new-york-city-april-20-2015,http://cdn.theawl.com/wp-content/uploads/2015/04/weather-review-sky-042115.jpg
http://www.theawl.com/2015/04/new-york-city-april-19-2015,http://cdn.theawl.com/wp-content/uploads/2015/04/weather-review-sky-041915.jpg
http://www.theawl.com/2015/04/new-york-city-april-16-2015,http://cdn0.theawl.com/wp-content/uploads/2015/04/weather-review-sky-041615.jpg
http://www.theawl.com/2015/04/new-york-city-april-15-2015,http://cdn0.theawl.com/wp-content/uploads/2015/04/weather-review-sky-041515.jpg
http://www.theawl.com/2015/04/new-york-city-april-14-2015,http://cdn.theawl.com/wp-content/uploads/2015/04/weather-review-sky-041415.jpg
http://www.theawl.com/2015/04/new-york-city-april-13-2015,http://cdn0.theawl.com/wp-content/uploads/2015/04/weather-review-sky-041315.jpg
http://www.theawl.com/2015/04/new-york-city-april-12-2015,http://cdn.theawl.com/wp-content/uploads/2015/04/weather-review-sky-041215-b.jpg
http://www.theawl.com/2015/04/new-york-city-april-9-2015,http://cdn0.theawl.com/wp-content/uploads/2015/04/weather-review-sky-040915.jpg
http://www.theawl.com/2015/04/new-york-city-april-8-2015,http://cdn2.theawl.com/wp-content/uploads/2015/04/weather-review-sky-040815.jpg
http://www.theawl.com/2015/04/new-york-city-april-7-2015,http://cdn0.theawl.com/wp-content/uploads/2015/04/weather-review-sky-040715.jpg
http://www.theawl.com/2015/04/new-york-city-april-6-2015,http://cdn.theawl.com/wp-content/uploads/2015/04/weather-review-sky-040615.jpg
http://www.theawl.com/2015/04/new-york-city-april-5-2015,http://cdn.theawl.com/wp-content/uploads/2015/04/weather-review-sky-040515.jpg
http://www.theawl.com/2015/04/new-york-city-april-2-2015,http://cdn2.theawl.com/wp-content/uploads/2015/04/weather-review-sky-040215.jpg
http://www.theawl.com/2015/04/new-york-city-april-1-2015,http://cdn2.theawl.com/wp-content/uploads/2015/04/weather-review-sky-040115.jpg
http://www.theawl.com/2015/04/new-york-city-march-31-2015,http://cdn0.theawl.com/wp-content/uploads/2015/04/weather-review-sky-033115.jpg
http://www.theawl.com/2015/03/new-york-city-march-30-2015,http://cdn.theawl.com/wp-content/uploads/2015/03/weather-review-sky-033015.jpg
http://www.theawl.com/2015/03/aberdeen-maryland-to-new-york-city-march-29-2015,http://cdn0.theawl.com/wp-content/uploads/2015/03/weather-review-sky-032915.jpg
http://www.theawl.com/2015/03/new-york-city-march-26-2015,http://cdn2.theawl.com/wp-content/uploads/2015/03/weather-review-sky-032615.jpg
http://www.theawl.com/2015/03/new-york-city-march-25-2015,http://cdn.theawl.com/wp-content/uploads/2015/03/weather-review-sky-032515.jpg
http://www.theawl.com/2015/03/new-york-city-march-24-2015,http://cdn.theawl.com/wp-content/uploads/2015/03/weather-review-sky-032415.jpg
http://www.theawl.com/2015/03/new-york-city-march-23-2015,http://cdn2.theawl.com/wp-content/uploads/2015/03/weather-review-sky-032315.jpg
http://www.theawl.com/2015/03/new-york-city-march-22-2015,http://cdn0.theawl.com/wp-content/uploads/2015/03/weather-review-sky-032215.jpg
http://www.theawl.com/2015/03/new-york-city-march-19-2015,http://cdn2.theawl.com/wp-content/uploads/2015/03/weather-review-sky-031915.jpg
http://www.theawl.com/2015/03/new-york-city-march-18-2015,http://cdn2.theawl.com/wp-content/uploads/2015/03/weather-review-sky-031815.jpg
http://www.theawl.com/2015/03/new-york-city-march-17-2015,http://cdn2.theawl.com/wp-content/uploads/2015/03/weather-review-sky-031715.jpg
http://www.theawl.com/2015/03/new-york-city-march-16-2015,http://cdn2.theawl.com/wp-content/uploads/2015/03/weather-review-sky-031615.jpg
http://www.theawl.com/2015/03/new-york-city-march-15-2015,http://cdn.theawl.com/wp-content/uploads/2015/03/weather-review-sky-031515.jpg
http://www.theawl.com/2015/03/new-york-city-march-12-2015,http://cdn2.theawl.com/wp-content/uploads/2015/03/weather-review-sky-031215.jpg
http://www.theawl.com/2015/03/new-york-city-march-11-2015,http://cdn.theawl.com/wp-content/uploads/2015/03/weather-review-sky-031115.jpg
http://www.theawl.com/2015/03/new-york-city-march-10-2015,http://cdn0.theawl.com/wp-content/uploads/2015/03/weather-review-sky-031015.jpg
http://www.theawl.com/2015/03/new-york-city-march-9-2015,http://cdn2.theawl.com/wp-content/uploads/2015/03/weather-review-sky-030915.jpg
http://www.theawl.com/2015/03/new-york-city-march-8-2015,http://cdn.theawl.com/wp-content/uploads/2015/03/weather-review-sky-030815.jpg
http://www.theawl.com/2015/03/new-york-city-march-5-2015,http://cdn0.theawl.com/wp-content/uploads/2015/03/weather-review-sky-030515.jpg
http://www.theawl.com/2015/03/new-york-city-march-4-2015,http://cdn0.theawl.com/wp-content/uploads/2015/03/weather-review-sky-030415.jpg
http://www.theawl.com/2015/03/new-york-city-march-3-2015,http://cdn.theawl.com/wp-content/uploads/2015/03/weather-review-sky-030315.jpg
http://www.theawl.com/2015/03/new-york-city-march-2-2015,http://cdn0.theawl.com/wp-content/uploads/2015/03/weather-review-sky-030215-1.jpg
http://www.theawl.com/2015/03/new-york-city-march-1-2015,http://cdn.theawl.com/wp-content/uploads/2015/03/weather-review-sky-030115.jpg
http://www.theawl.com/2015/02/new-york-city-february-26-2015,http://cdn.theawl.com/wp-content/uploads/2015/02/weather-review-sky-022615.jpg
http://www.theawl.com/2015/02/new-york-city-february-25-2015,http://cdn2.theawl.com/wp-content/uploads/2015/02/weather-review-sky-022515.jpg
http://www.theawl.com/2015/02/new-york-city-february-24-2015,http://cdn2.theawl.com/wp-content/uploads/2015/02/weather-review-sky-022415.jpg
http://www.theawl.com/2015/02/new-york-city-february-23-2015,http://cdn0.theawl.com/wp-content/uploads/2015/02/weather-review-sky-022315.jpeg
http://www.theawl.com/2015/02/new-york-city-february-22-2015,http://cdn.theawl.com/wp-content/uploads/2015/02/weather-review-sky-022215.jpg
http://www.theawl.com/2015/02/new-york-city-february-19-2015,http://cdn0.theawl.com/wp-content/uploads/2015/02/weather-review-sky-021915.jpg
http://www.theawl.com/2015/02/new-york-city-february-18-2015,http://cdn.theawl.com/wp-content/uploads/2015/02/weather-review-sky-021815-1.jpg
http://www.theawl.com/2015/02/new-york-city-february-17-2015,http://cdn.theawl.com/wp-content/uploads/2015/02/weather-review-sky-021715.jpg
http://www.theawl.com/2015/02/new-york-city-february-16-2015,http://cdn0.theawl.com/wp-content/uploads/2015/02/weather-review-sky-021615.jpg
http://www.theawl.com/2015/02/new-york-city-february-15-2015,http://cdn.theawl.com/wp-content/uploads/2015/02/weather-review-sky-021515.jpg
http://www.theawl.com/2015/02/new-york-city-february-12-2015,http://cdn.theawl.com/wp-content/uploads/2015/02/weather-review-sky-021215.jpg
http://www.theawl.com/2015/02/new-york-city-february-11-2015,http://cdn2.theawl.com/wp-content/uploads/2015/02/weather-review-sky-021115-1-e1423780080183.jpg
http://www.theawl.com/2015/02/new-york-city-february-10-2015,http://cdn2.theawl.com/wp-content/uploads/2015/02/weather-review-sky-0210151.jpg
http://www.theawl.com/2015/02/new-york-city-february-9-2015,http://cdn2.theawl.com/wp-content/uploads/2015/02/weather-review-sky-020915.jpg
http://www.theawl.com/2015/02/new-york-city-february-8-2015,http://cdn.theawl.com/wp-content/uploads/2015/02/weather-review-sky-0208151-e1423577722482.jpg
http://www.theawl.com/2015/02/new-york-city-february-5-2015,http://cdn2.theawl.com/wp-content/uploads/2015/02/weather-review-sky-020515.jpg
http://www.theawl.com/2015/02/new-york-city-february-4-2015,http://cdn0.theawl.com/wp-content/uploads/2015/02/weather-review-sky-020415.jpg
http://www.theawl.com/2015/02/new-york-city-february-3-2015,http://cdn2.theawl.com/wp-content/uploads/2015/02/weather-review-sky-020315.jpg
http://www.theawl.com/2015/02/new-york-city-february-2-2015,http://cdn0.theawl.com/wp-content/uploads/2015/02/weather-review-sky-020215.jpg
http://www.theawl.com/2015/02/new-york-city-february-1-2015,http://cdn0.theawl.com/wp-content/uploads/2015/02/weather-review-sky-020115.jpg
http://www.theawl.com/2015/01/new-york-city-january-29-2015,http://cdn.theawl.com/wp-content/uploads/2015/01/weather-review-sky-012915.jpg
http://www.theawl.com/2015/01/new-york-city-january-28-2015,http://cdn0.theawl.com/wp-content/uploads/2015/01/weather-review-sky-012815.jpg
http://www.theawl.com/2015/01/new-york-city-january-27-2015,http://cdn.theawl.com/wp-content/uploads/2015/01/weather-review-sky-012715.jpg
http://www.theawl.com/2015/01/new-york-city-january-26-2015,http://cdn2.theawl.com/wp-content/uploads/2015/01/weather-review-sky-012615.jpg
http://www.theawl.com/2015/01/new-york-city-january-25-2015,http://cdn0.theawl.com/wp-content/uploads/2015/01/weather-review-sky-012515.jpg
http://www.theawl.com/2015/01/new-york-city-january-22-2015,http://cdn.theawl.com/wp-content/uploads/2015/01/weather-review-sky-012215-1.jpg
http://www.theawl.com/2015/01/new-york-city-january-21-2015,http://cdn.theawl.com/wp-content/uploads/2015/01/weather-review-sky-012115.jpg
http://www.theawl.com/2015/01/new-york-city-january-20-2015,http://cdn.theawl.com/wp-content/uploads/2015/01/weather-review-sky-012015.jpg
http://www.theawl.com/2015/01/new-york-city-january-19-2015,http://cdn2.theawl.com/wp-content/uploads/2015/01/weather-review-sky-011915.jpg
http://www.theawl.com/2015/01/new-york-city-january-18-2015,http://cdn2.theawl.com/wp-content/uploads/2015/01/weather-review-sky-011815.jpg
http://www.theawl.com/2015/01/new-york-city-january-15-2015,http://cdn.theawl.com/wp-content/uploads/2015/01/weather-review-sky-011515.jpg
http://www.theawl.com/2015/01/new-york-city-january-14-2015,http://cdn.theawl.com/wp-content/uploads/2015/01/weather-review-sky-011415.jpg
http://www.theawl.com/2015/01/new-york-city-january-13-2015,http://cdn2.theawl.com/wp-content/uploads/2015/01/weather-review-sky-011315.jpg
http://www.theawl.com/2015/01/new-york-city-january-12-2015,http://cdn2.theawl.com/wp-content/uploads/2015/01/weather-review-sky-011214.jpg
http://www.theawl.com/2015/01/new-york-city-january-11-2015,http://cdn.theawl.com/wp-content/uploads/2015/01/weather-review-sky-011014.jpg
http://www.theawl.com/2015/01/new-york-city-january-8-2015,http://cdn.theawl.com/wp-content/uploads/2015/01/weather-review-sky-010815.jpg
http://www.theawl.com/2015/01/new-york-city-january-7-2015,http://cdn2.theawl.com/wp-content/uploads/2015/01/weather-review-sky-010715.jpg
http://www.theawl.com/2015/01/new-york-city-january-6-2015,http://cdn.theawl.com/wp-content/uploads/2015/01/weather-review-sky-010615.jpg
http://www.theawl.com/2015/01/new-york-city-january-5-2015,http://cdn0.theawl.com/wp-content/uploads/2015/01/weather-review-sky-010515.jpg
http://www.theawl.com/2015/01/aberdeen-maryland-to-new-york-city-january-4-2015,http://cdn.theawl.com/wp-content/uploads/2015/01/weather-review-sky-010415.jpg
http://www.theawl.com/2014/12/new-york-city-december-29-2014,http://cdn0.theawl.com/wp-content/uploads/2014/12/weather-review-sky-122914.jpg
http://www.theawl.com/2014/12/new-york-city-december-28-2014,http://cdn0.theawl.com/wp-content/uploads/2014/12/weather-review-sky-122814.jpg
http://www.theawl.com/2014/12/new-york-city-december-25-2014,http://cdn.theawl.com/wp-content/uploads/2014/12/weather-review-sky-122514.jpg
http://www.theawl.com/2014/12/new-york-city-december-22-2014,http://cdn2.theawl.com/wp-content/uploads/2014/12/weather-review-sky-122214.jpg
http://www.theawl.com/2014/12/new-york-city-december-21-2014,http://cdn.theawl.com/wp-content/uploads/2014/12/weather-review-sky-122114.jpg
http://www.theawl.com/2014/12/new-york-city-december-18-2014,http://cdn2.theawl.com/wp-content/uploads/2014/12/weather-review-sky-121814.jpg
http://www.theawl.com/2014/12/new-york-city-december-17-2014,http://cdn0.theawl.com/wp-content/uploads/2014/12/weather-review-sky-121714.jpg
http://www.theawl.com/2014/12/new-york-city-december-16-2014,http://cdn0.theawl.com/wp-content/uploads/2014/12/weather-review-sky-121614.jpg
http://www.theawl.com/2014/12/new-york-city-december-15-2014,http://cdn2.theawl.com/wp-content/uploads/2014/12/weather-review-sky-121514.jpg
http://www.theawl.com/2014/12/new-york-city-december-14-2014,http://cdn2.theawl.com/wp-content/uploads/2014/12/weather-review-sky-121414.jpg
http://www.theawl.com/2014/12/new-york-city-december-11-2014,http://cdn2.theawl.com/wp-content/uploads/2014/12/weather-review-sky-121114.jpg
http://www.theawl.com/2014/12/new-york-city-december-10-2014,http://cdn2.theawl.com/wp-content/uploads/2014/12/weather-review-sky-121014.jpg
http://www.theawl.com/2014/12/new-york-city-december-9-2014,http://cdn2.theawl.com/wp-content/uploads/2014/12/weather-review-sky-120914.jpg
http://www.theawl.com/2014/12/new-york-city-december-8-2014,http://cdn.theawl.com/wp-content/uploads/2014/12/weather-review-sky-120814.jpg
http://www.theawl.com/2014/12/new-york-city-december-7-2014,http://cdn0.theawl.com/wp-content/uploads/2014/12/weather-review-sky-120714.jpg
http://www.theawl.com/2014/12/new-york-city-december-3-2014,http://cdn0.theawl.com/wp-content/uploads/2014/12/weather-review-sky-120314.jpg
http://www.theawl.com/2014/12/new-york-city-december-2-2014,http://cdn.theawl.com/wp-content/uploads/2014/12/weather-review-sky-120214.jpg
http://www.theawl.com/2014/12/new-york-city-december-1-2014,http://cdn0.theawl.com/wp-content/uploads/2014/12/weather-review-sky-120114.jpg
http://www.theawl.com/2014/12/new-york-city-november-30-2014,http://cdn0.theawl.com/wp-content/uploads/2014/12/weather-review-sky-113014.jpg
http://www.theawl.com/2014/11/new-york-city-november-25-2014,http://cdn2.theawl.com/wp-content/uploads/2014/11/weather-review-sky-112514.jpg
http://www.theawl.com/2014/11/new-york-city-november-24-2014,http://cdn.theawl.com/wp-content/uploads/2014/11/weather-review-sky-112414.jpg
http://www.theawl.com/2014/11/new-york-city-november-23-2014,http://cdn.theawl.com/wp-content/uploads/2014/11/weather-review-sky-112314.jpg
http://www.theawl.com/2014/11/new-york-city-november-20-2014,http://cdn.theawl.com/wp-content/uploads/2014/11/weather-review-sky-112014.jpg
http://www.theawl.com/2014/11/new-york-city-november-19-2014,http://cdn.theawl.com/wp-content/uploads/2014/11/weather-review-sky-1116141.jpg
http://www.theawl.com/2014/11/new-york-city-november-18-2014,http://cdn.theawl.com/wp-content/uploads/2014/11/weather-review-sky-111814.jpg
http://www.theawl.com/2014/11/new-york-city-november-17-2014,http://cdn0.theawl.com/wp-content/uploads/2014/11/weather-review-sky-111714.jpg
http://www.theawl.com/2014/11/new-york-city-november-16-2014,http://cdn0.theawl.com/wp-content/uploads/2014/11/weather-review-sky-111614.jpg
http://www.theawl.com/2014/11/new-york-city-november-13-2014,http://cdn2.theawl.com/wp-content/uploads/2014/11/weather-review-sky-111314.jpg
http://www.theawl.com/2014/11/new-york-city-november-12-2014,http://cdn0.theawl.com/wp-content/uploads/2014/11/weather-review-sky-111214.jpg
http://www.theawl.com/2014/11/new-york-city-november-11-2014,http://cdn2.theawl.com/wp-content/uploads/2014/11/weather-review-sky-111114.jpg
http://www.theawl.com/2014/11/new-york-city-november-10-2014,http://cdn.theawl.com/wp-content/uploads/2014/11/weather-review-sky-111014.jpg
http://www.theawl.com/2014/11/new-york-city-november-9-2014,http://cdn0.theawl.com/wp-content/uploads/2014/11/weather-review-sky-110914.jpg
http://www.theawl.com/2014/11/new-york-city-november-6-2014,http://cdn.theawl.com/wp-content/uploads/2014/11/weather-review-sky-110614.jpg
http://www.theawl.com/2014/11/new-york-city-november-5-2014,http://cdn.theawl.com/wp-content/uploads/2014/11/weather-review-sky-110514.jpg
http://www.theawl.com/2014/11/new-york-city-november-4-2014,http://cdn0.theawl.com/wp-content/uploads/2014/11/weather-review-sky-110414.jpg
http://www.theawl.com/2014/11/new-york-city-november-3-2014,http://cdn0.theawl.com/wp-content/uploads/2014/11/weather-review-sky-110314.jpg
http://www.theawl.com/2014/11/new-york-city-november-2-2014,http://cdn.theawl.com/wp-content/uploads/2014/11/weather-review-sky-110214.jpg
http://www.theawl.com/2014/10/new-york-city-october-30-2014,http://cdn0.theawl.com/wp-content/uploads/2014/10/weather-review-sky-103014.jpg
http://www.theawl.com/2014/10/new-york-city-october-29-2014,http://cdn2.theawl.com/wp-content/uploads/2014/10/weather-review-sky-102914.jpg
http://www.theawl.com/2014/10/new-york-city-october-28-2014,http://cdn.theawl.com/wp-content/uploads/2014/10/weather-review-sky-102814.jpg
http://www.theawl.com/2014/10/new-york-city-october-27-2014,http://cdn.theawl.com/wp-content/uploads/2014/10/weather-review-sky-102714.jpg
http://www.theawl.com/2014/10/new-york-city-october-26-2014,http://cdn2.theawl.com/wp-content/uploads/2014/10/weather-review-sky-102614.jpg
http://www.theawl.com/2014/10/new-york-city-october-23-2014,http://cdn.theawl.com/wp-content/uploads/2014/10/weather-review-sky-102314.jpg
http://www.theawl.com/2014/10/new-york-city-october-22-2014,http://cdn2.theawl.com/wp-content/uploads/2014/10/weather-review-sky-102214.jpg
http://www.theawl.com/2014/10/new-york-city-october-21-2014,http://cdn.theawl.com/wp-content/uploads/2014/10/weather-review-sky-102114.jpg
http://www.theawl.com/2014/10/new-york-city-october-20-2014,http://cdn.theawl.com/wp-content/uploads/2014/10/weather-review-sky-102014.jpg
http://www.theawl.com/2014/10/new-york-city-october-19-2014,http://cdn0.theawl.com/wp-content/uploads/2014/10/weather-review-sky-101914.jpg
http://www.theawl.com/2014/10/new-york-city-october-16-2014,http://cdn0.theawl.com/wp-content/uploads/2014/10/weather-review-sky-101614.jpg
http://www.theawl.com/2014/10/new-york-city-october-15-2014,http://cdn.theawl.com/wp-content/uploads/2014/10/weather-review-sky-101514.jpg
http://www.theawl.com/2014/10/new-york-city-october-14-2014,http://cdn0.theawl.com/wp-content/uploads/2014/10/weather-review-sky-101414.jpg
http://www.theawl.com/2014/10/new-york-city-october-13-2014,http://cdn2.theawl.com/wp-content/uploads/2014/10/weather-review-sky-101314.jpg
http://www.theawl.com/2014/10/new-york-city-october-12-2014,http://cdn2.theawl.com/wp-content/uploads/2014/10/weather-review-sky-101214.jpg
http://www.theawl.com/2014/10/new-york-city-october-9-2014,http://cdn0.theawl.com/wp-content/uploads/2014/10/weather-review-sky-100914.jpg
http://www.theawl.com/2014/10/new-york-city-october-8-2014,http://cdn2.theawl.com/wp-content/uploads/2014/10/weather-review-sky-100814.jpg
http://www.theawl.com/2014/10/new-york-city-october-7-2014,http://cdn.theawl.com/wp-content/uploads/2014/10/weather-review-sky-100714.jpg
http://www.theawl.com/2014/10/new-york-city-october-6-2014,http://cdn2.theawl.com/wp-content/uploads/2014/10/weather-review-sky-100614.jpg
http://www.theawl.com/2014/10/aberdeen-and-churchville-maryland-to-new-york-city-october-5-2014,http://cdn0.theawl.com/wp-content/uploads/2014/10/weather-review-sky-100514.jpg
http://www.theawl.com/2014/10/new-york-city-october-2-2014,http://cdn.theawl.com/wp-content/uploads/2014/10/weather-review-sky-100214.jpg
http://www.theawl.com/2014/10/new-york-city-october-1-2014,http://cdn.theawl.com/wp-content/uploads/2014/10/weather-review-sky-100114.jpg
http://www.theawl.com/2014/10/new-york-city-september-30-2014,http://cdn2.theawl.com/wp-content/uploads/2014/10/weather-review-sky-093014.jpg
http://www.theawl.com/2014/09/new-york-city-september-29-2014,http://cdn0.theawl.com/wp-content/uploads/2014/09/weather-review-sky-092914.jpg
http://www.theawl.com/2014/09/new-york-city-september-28-2014,http://cdn2.theawl.com/wp-content/uploads/2014/09/weather-review-sky-092814.jpg
http://www.theawl.com/2014/09/new-york-city-september-25-2014,http://cdn2.theawl.com/wp-content/uploads/2014/09/weather-review-sky-092514.jpg
http://www.theawl.com/2014/09/new-york-city-september-24-2014,http://cdn0.theawl.com/wp-content/uploads/2014/09/weather-review-sky-092414.jpg
http://www.theawl.com/2014/09/new-york-city-september-23-2014,http://cdn.theawl.com/wp-content/uploads/2014/09/weather-review-sky-092314.jpg
http://www.theawl.com/2014/09/new-york-city-september-22-2014,http://cdn.theawl.com/wp-content/uploads/2014/09/weather-review-sky-092214.jpg
http://www.theawl.com/2014/09/new-york-city-september-21-2014,http://cdn0.theawl.com/wp-content/uploads/2014/09/weather-review-sky-092114.jpg
http://www.theawl.com/2014/09/new-york-city-september-18-2014,http://cdn.theawl.com/wp-content/uploads/2014/09/weather-review-sky-091814.jpg
http://www.theawl.com/2014/09/new-york-city-september-17-2014,http://cdn.theawl.com/wp-content/uploads/2014/09/weather-review-sky-091714.jpg
http://www.theawl.com/2014/09/new-york-city-september-16-2014,http://cdn2.theawl.com/wp-content/uploads/2014/09/weather-review-sky-091614.jpg
http://www.theawl.com/2014/09/new-york-city-september-15-2014,http://cdn.theawl.com/wp-content/uploads/2014/09/weather-review-sky-091514.jpg
http://www.theawl.com/2014/09/new-york-city-september-14-2014,http://cdn.theawl.com/wp-content/uploads/2014/09/weather-review-sky-091414.jpg
http://www.theawl.com/2014/09/new-york-city-september-11-2014,http://cdn.theawl.com/wp-content/uploads/2014/09/weather-review-sky-091114.jpg
http://www.theawl.com/2014/09/new-york-city-september-10-2014,http://cdn.theawl.com/wp-content/uploads/2014/09/weather-review-sky-091014.jpg
http://www.theawl.com/2014/09/new-york-city-september-9-2014,http://cdn2.theawl.com/wp-content/uploads/2014/09/weather-review-sky-090914.jpg
http://www.theawl.com/2014/09/new-york-city-september-8-2014,http://cdn0.theawl.com/wp-content/uploads/2014/09/weather-review-sky-090814a.jpg
http://www.theawl.com/2014/09/new-york-city-september-7-2014,http://cdn.theawl.com/wp-content/uploads/2014/09/weather-review-sky-090714.jpg
http://www.theawl.com/2014/09/new-york-city-september-4-2014,http://cdn2.theawl.com/wp-content/uploads/2014/09/weather-review-sky-090414.jpg
http://www.theawl.com/2014/09/new-york-city-september-3-2014,http://cdn.theawl.com/wp-content/uploads/2014/09/weather-review-sky-090314.jpg
http://www.theawl.com/2014/09/new-york-city-september-2-2014,http://cdn2.theawl.com/wp-content/uploads/2014/09/weather-review-sky-090214.jpg
http://www.theawl.com/2014/09/durham-north-carolina-to-new-york-city-september-1-2014,http://cdn0.theawl.com/wp-content/uploads/2014/09/weather-review-sky-090114.jpg
http://www.theawl.com/2014/08/new-york-city-august-27-2014,http://cdn0.theawl.com/wp-content/uploads/2014/08/weather-review-sky-082714.jpg
http://www.theawl.com/2014/08/new-york-city-august-26-2014,http://cdn0.theawl.com/wp-content/uploads/2014/08/weather-review-sky-082614.jpg
http://www.theawl.com/2014/08/new-york-city-august-25-2014,http://cdn.theawl.com/wp-content/uploads/2014/08/weather-review-sky-082514.jpg
http://www.theawl.com/2014/08/new-york-city-august-24-2014,http://cdn.theawl.com/wp-content/uploads/2014/08/weather-review-sky-082414.jpg
http://www.theawl.com/2014/08/bethany-beach-delaware-august-21-2014,http://cdn.theawl.com/wp-content/uploads/2014/08/weather-review-sky-082114.jpg
http://www.theawl.com/2014/08/bethany-beach-delaware-august-20-2014,http://cdn.theawl.com/wp-content/uploads/2014/08/weather-review-sky-082014.jpg
http://www.theawl.com/2014/08/bethany-beach-delaware-august-19-2014,http://cdn.theawl.com/wp-content/uploads/2014/08/weather-review-sky-081914b.jpg
http://www.theawl.com/2014/08/bethany-beach-delaware-august-18-2014,http://cdn2.theawl.com/wp-content/uploads/2014/08/weather-review-sky-081814.jpg
http://www.theawl.com/2014/08/bethany-beach-delaware-august-17-2014,http://cdn.theawl.com/wp-content/uploads/2014/08/weather-review-sky-081714.jpg
http://www.theawl.com/2014/08/budapest-august-14-2014,http://cdn0.theawl.com/wp-content/uploads/2014/08/weather-review-sky-081414.jpg
http://www.theawl.com/2014/08/budapest-august-12-2014,http://cdn.theawl.com/wp-content/uploads/2014/08/weather-review-sky-081214.jpg
http://www.theawl.com/2014/08/budapest-august-11-2014,http://cdn0.theawl.com/wp-content/uploads/2014/08/weather-review-sky-081114.jpg
http://www.theawl.com/2014/08/new-york-city-august-7-2014,http://cdn.theawl.com/wp-content/uploads/2014/08/weather-review-sky-080714.jpg
http://www.theawl.com/2014/08/new-york-city-august-5-2014,http://cdn.theawl.com/wp-content/uploads/2014/08/weather-review-sky-080514.jpg
http://www.theawl.com/2014/08/new-york-city-august-4-2014,http://cdn2.theawl.com/wp-content/uploads/2014/08/weather-review-sky-080414.jpg
http://www.theawl.com/2014/08/aberdeen-maryland-to-new-york-city-august-3-2014,http://cdn2.theawl.com/wp-content/uploads/2014/08/weather-review-sky-080314.jpg
http://www.theawl.com/2014/08/new-york-city-july-31-2014,http://cdn0.theawl.com/wp-content/uploads/2014/08/weather-review-sky-073114.jpg
http://www.theawl.com/2014/07/new-york-city-july-30-2014,http://cdn2.theawl.com/wp-content/uploads/2014/07/weather-review-sky-073014.jpg
http://www.theawl.com/2014/07/new-york-city-july-29-2014,http://cdn0.theawl.com/wp-content/uploads/2014/07/weather-review-sky-072914.jpg
http://www.theawl.com/2014/07/new-york-city-july-28-2014,http://cdn2.theawl.com/wp-content/uploads/2014/07/weather-review-sky-072814.jpg
http://www.theawl.com/2014/07/new-york-city-july-27-2014,http://cdn2.theawl.com/wp-content/uploads/2014/07/weather-review-sky-072714.jpg
http://www.theawl.com/2014/07/new-york-city-july-24-2014,http://cdn2.theawl.com/wp-content/uploads/2014/07/weather-review-sky-072414.jpg
http://www.theawl.com/2014/07/new-york-city-july-23-2014,http://cdn2.theawl.com/wp-content/uploads/2014/07/weather-review-sky-072314.jpg
http://www.theawl.com/2014/07/new-york-city-july-22-2014,http://cdn0.theawl.com/wp-content/uploads/2014/07/weather-review-sky-072214.jpg
http://www.theawl.com/2014/07/new-york-city-july-21-2014,http://cdn.theawl.com/wp-content/uploads/2014/07/weather-review-sky-072114.jpg
http://www.theawl.com/2014/07/new-york-city-july-20-2014,http://cdn2.theawl.com/wp-content/uploads/2014/07/weather-review-sky-072014.jpg
http://www.theawl.com/2014/07/new-york-city-july-17-2014,http://cdn.theawl.com/wp-content/uploads/2014/07/weather-review-sky-071714.jpg
http://www.theawl.com/2014/07/new-york-city-july-16-2014,http://cdn0.theawl.com/wp-content/uploads/2014/07/weather-review-sky-071614.jpg
http://www.theawl.com/2014/07/new-york-city-july-15-2014,http://cdn0.theawl.com/wp-content/uploads/2014/07/weather-review-sky-071514.jpg
http://www.theawl.com/2014/07/new-york-city-july-14-2014,http://cdn2.theawl.com/wp-content/uploads/2014/07/weather-review-sky-071414.jpg
http://www.theawl.com/2014/07/new-york-city-july-13-2014,http://cdn2.theawl.com/wp-content/uploads/2014/07/weather-review-sky-071314.jpg
http://www.theawl.com/2014/07/new-york-city-july-10-2014,http://cdn2.theawl.com/wp-content/uploads/2014/07/weather-review-sky-071014.jpg
http://www.theawl.com/2014/07/new-york-city-july-9-2014,http://cdn0.theawl.com/wp-content/uploads/2014/07/weather-review-sky-070914.jpg
http://www.theawl.com/2014/07/new-york-city-july-7-2014-2,http://cdn2.theawl.com/wp-content/uploads/2014/07/weather-review-sky-070814.jpg
http://www.theawl.com/2014/07/new-york-city-july-7-2014,http://cdn.theawl.com/wp-content/uploads/2014/07/weather-review-sky-070714.jpg
http://www.theawl.com/2014/07/new-york-city-july-6-2014,http://cdn.theawl.com/wp-content/uploads/2014/07/weather-review-sky-070614.jpg
http://www.theawl.com/2014/07/new-york-city-july-2-2014,http://cdn2.theawl.com/wp-content/uploads/2014/07/weather-review-sky-070214.jpg
http://www.theawl.com/2014/07/new-york-city-july-1-2014,http://cdn2.theawl.com/wp-content/uploads/2014/07/weather-review-sky-070114.jpg
http://www.theawl.com/2014/07/new-york-city-june-30-2014,http://cdn2.theawl.com/wp-content/uploads/2014/07/weather-review-sky-063014.jpg
http://www.theawl.com/2014/06/new-york-city-june-29-2014,http://cdn0.theawl.com/wp-content/uploads/2014/06/weather-review-sky-062914.jpg
http://www.theawl.com/2014/06/new-york-city-june-26-2014,http://cdn.theawl.com/wp-content/uploads/2014/06/weather-review-sky-062614.jpg
http://www.theawl.com/2014/06/new-york-city-june-25-2014,http://cdn.theawl.com/wp-content/uploads/2014/06/weather-review-sky-062514.jpg
http://www.theawl.com/2014/06/new-york-city-june-24-2014,http://cdn0.theawl.com/wp-content/uploads/2014/06/weather-review-sky-062414.jpg
http://www.theawl.com/2014/06/new-york-city-june-23-2014,http://cdn.theawl.com/wp-content/uploads/2014/06/weather-review-sky-062314.jpg
http://www.theawl.com/2014/06/new-york-city-june-22-2014,http://cdn0.theawl.com/wp-content/uploads/2014/06/weather-review-sky-062214.jpg
http://www.theawl.com/2014/06/new-york-city-june-19-2014,http://cdn2.theawl.com/wp-content/uploads/2014/06/weather-review-sky-061914-a.jpg
http://www.theawl.com/2014/06/new-york-city-june-18-2014,http://cdn.theawl.com/wp-content/uploads/2014/06/weather-review-sky-061814.jpg
http://www.theawl.com/2014/06/new-york-city-june-17-2014,http://cdn0.theawl.com/wp-content/uploads/2014/06/weather-review-sky-061714.jpg
http://www.theawl.com/2014/06/new-york-city-june-16-2014,http://cdn2.theawl.com/wp-content/uploads/2014/06/weather-review-sky-061614.jpg
http://www.theawl.com/2014/06/new-york-city-june-15-2014,http://cdn0.theawl.com/wp-content/uploads/2014/06/weather-review-sky-061514.jpg
http://www.theawl.com/2014/06/new-york-city-june-12-2014,http://cdn2.theawl.com/wp-content/uploads/2014/06/weather-review-sky-061214.jpg
http://www.theawl.com/2014/06/new-york-city-june-11-2014,http://cdn2.theawl.com/wp-content/uploads/2014/06/weather-review-sky-061114.jpg
http://www.theawl.com/2014/06/new-york-city-june-10-2014,http://cdn2.theawl.com/wp-content/uploads/2014/06/weather-review-sky-061014.jpg
http://www.theawl.com/2014/06/new-york-city-june-9-2014,http://cdn2.theawl.com/wp-content/uploads/2014/06/weather-review-sky-060914-1.jpg
http://www.theawl.com/2014/06/new-york-city-june-8-2014,http://cdn2.theawl.com/wp-content/uploads/2014/06/weather-review-sky-060814.jpg
http://www.theawl.com/2014/06/new-york-city-june-5-2014,http://cdn2.theawl.com/wp-content/uploads/2014/06/weather-review-sky-060514.jpg
http://www.theawl.com/2014/06/new-york-city-june-4-2014,http://cdn.theawl.com/wp-content/uploads/2014/06/weather-review-sky-060414.jpg
http://www.theawl.com/2014/06/new-york-city-june-3-2014,http://cdn2.theawl.com/wp-content/uploads/2014/06/weather-review-sky-060314.jpg
http://www.theawl.com/2014/06/new-york-city-june-2-2014,http://cdn0.theawl.com/wp-content/uploads/2014/06/weather-review-sky-0602141.jpg
http://www.theawl.com/2014/06/new-york-city-june-1-2014,http://cdn2.theawl.com/wp-content/uploads/2014/06/weather-review-sky-060114.jpg
http://www.theawl.com/2014/05/new-york-city-may-29-2014,http://cdn0.theawl.com/wp-content/uploads/2014/05/weather-review-sky-052914.jpg
http://www.theawl.com/2014/05/new-york-city-may-28-2014,http://cdn.theawl.com/wp-content/uploads/2014/05/weather-review-sky-052814.jpg
http://www.theawl.com/2014/05/new-york-city-may-27-2014,http://cdn.theawl.com/wp-content/uploads/2014/05/weather-review-sky-052714.jpg
http://www.theawl.com/2014/05/new-york-city-may-26-2014,http://cdn.theawl.com/wp-content/uploads/2014/05/weather-review-sky-052614.jpg
http://www.theawl.com/2014/05/new-york-city-may-22-2014,http://cdn.theawl.com/wp-content/uploads/2014/05/weather-review-sky-052214.jpg
http://www.theawl.com/2014/05/new-york-city-may-21-2014,http://cdn2.theawl.com/wp-content/uploads/2014/05/weather-review-sky-052114.jpg
http://www.theawl.com/2014/05/new-york-city-may-20-2014,http://cdn.theawl.com/wp-content/uploads/2014/05/weather-review-sky-052014.jpg
http://www.theawl.com/2014/05/new-york-city-may-19-2014,http://cdn2.theawl.com/wp-content/uploads/2014/05/weather-review-sky-051914.jpg
http://www.theawl.com/2014/05/new-york-city-may-18-2014,http://cdn2.theawl.com/wp-content/uploads/2014/05/weather-review-sky-051814.jpg
http://www.theawl.com/2014/05/new-york-city-may-15-2014,http://cdn0.theawl.com/wp-content/uploads/2014/05/weather-review-sky-051514.jpg
http://www.theawl.com/2014/05/new-york-city-may-14-2014,http://cdn.theawl.com/wp-content/uploads/2014/05/weather-review-sky-051414.jpg
http://www.theawl.com/2014/05/new-york-city-may-13-2014,http://cdn2.theawl.com/wp-content/uploads/2014/05/weather-review-sky-051314.jpg
http://www.theawl.com/2014/05/new-york-city-may-12-2014,http://cdn.theawl.com/wp-content/uploads/2014/05/weather-review-sky-051214.jpg
http://www.theawl.com/2014/05/new-york-city-may-11-2014,http://cdn.theawl.com/wp-content/uploads/2014/05/weather-review-sky-051114.jpg
http://www.theawl.com/2014/05/new-york-city-may-8-2014,http://cdn2.theawl.com/wp-content/uploads/2014/05/weather-review-sky-050814.jpg
http://www.theawl.com/2014/05/new-york-city-may-7-2014,http://cdn0.theawl.com/wp-content/uploads/2014/05/weather-review-sky-050714.jpg
http://www.theawl.com/2014/05/new-york-city-may-6-2014,http://cdn0.theawl.com/wp-content/uploads/2014/05/weather-review-sky-050614.jpg
http://www.theawl.com/2014/05/new-york-city-may-5-2014,http://cdn.theawl.com/wp-content/uploads/2014/05/weather-review-sky-050514.jpg
http://www.theawl.com/2014/05/new-york-city-may-4-2014,http://cdn0.theawl.com/wp-content/uploads/2014/05/weather-review-sky-050414.jpg
http://www.theawl.com/2014/05/new-york-city-may-1-2014,http://cdn2.theawl.com/wp-content/uploads/2014/05/weather-review-sky-050114.jpg
http://www.theawl.com/2014/05/new-york-city-april-30-2014,http://cdn0.theawl.com/wp-content/uploads/2014/05/weather-review-sky-043014.jpg
http://www.theawl.com/2014/04/new-york-city-april-29-2014,http://cdn2.theawl.com/wp-content/uploads/2014/04/weather-review-sky-042914-3.jpg
http://www.theawl.com/2014/04/new-york-city-april-28-2014,http://cdn2.theawl.com/wp-content/uploads/2014/04/weather-review-sky-042814.jpg
http://www.theawl.com/2014/04/new-york-city-april-27-2014,http://cdn.theawl.com/wp-content/uploads/2014/04/weather-review-sky-042714.jpg
http://www.theawl.com/2014/04/new-york-city-april-24-2014,http://cdn0.theawl.com/wp-content/uploads/2014/04/weather-review-sky-042414.jpg
http://www.theawl.com/2014/04/new-york-city-april-22-2014,http://cdn.theawl.com/wp-content/uploads/2014/04/weather-review-sky-042214.jpg
http://www.theawl.com/2014/04/new-york-city-april-21-2014,http://cdn2.theawl.com/wp-content/uploads/2014/04/weather-review-sky-042114.jpg
http://www.theawl.com/2014/04/new-york-city-april-20-2014,http://cdn0.theawl.com/wp-content/uploads/2014/04/weather-review-sky-042014.jpg
http://www.theawl.com/2014/04/new-york-city-april-17-2014,http://cdn.theawl.com/wp-content/uploads/2014/04/weather-review-sky-041714.jpg
http://www.theawl.com/2014/04/new-york-city-april-16-2014,http://cdn2.theawl.com/wp-content/uploads/2014/04/weather-review-sky-041614.jpg
http://www.theawl.com/2014/04/new-york-city-april-15-2014,http://cdn.theawl.com/wp-content/uploads/2014/04/weather-review-sky-041514.jpg
http://www.theawl.com/2014/04/aberdeen-maryland-to-baltimore-to-aberdeen-april-13-2014,http://cdn2.theawl.com/wp-content/uploads/2014/04/weather-review-sky-041314.jpg
http://www.theawl.com/2014/04/new-york-city-to-philadelphia-to-new-york-city-april-10-2014,http://cdn2.theawl.com/wp-content/uploads/2014/04/weather-review-sky-041014.jpg
http://www.theawl.com/2014/04/new-york-city-april-8-2014,http://cdn.theawl.com/wp-content/uploads/2014/04/weather-review-sky-040814a.jpg
http://www.theawl.com/2014/04/new-york-city-april-6-2014,http://cdn2.theawl.com/wp-content/uploads/2014/04/weather-review-sky-040614.jpg
http://www.theawl.com/2014/04/new-york-city-april-2-2014,http://cdn0.theawl.com/wp-content/uploads/2014/04/weather-review-sky-040214.jpg
http://www.theawl.com/2014/04/new-york-city-march-31-2014,http://cdn2.theawl.com/wp-content/uploads/2014/04/weather-review-sky-033114.jpg
http://www.theawl.com/2014/03/new-york-city-march-30-2014,http://cdn0.theawl.com/wp-content/uploads/2014/03/weather-review-sky-033014.jpg
http://www.theawl.com/2014/03/new-york-city-march-26-2014,http://cdn.theawl.com/wp-content/uploads/2014/03/weather-review-sky-032614.jpg
http://www.theawl.com/2014/03/new-york-city-march-24-2014,http://cdn.theawl.com/wp-content/uploads/2014/03/weather-review-sky-032414.jpg
http://www.theawl.com/2014/03/new-york-city-march-23-2014,http://cdn.theawl.com/wp-content/uploads/2014/03/weather-review-sky-032314.jpg
http://www.theawl.com/2014/03/new-york-city-march-20-2014,http://cdn2.theawl.com/wp-content/uploads/2014/03/weather-review-sky-032014.jpg
http://www.theawl.com/2014/03/new-york-city-march-18-2014,http://cdn2.theawl.com/wp-content/uploads/2014/03/weather-review-sky-031814-1.jpg
http://www.theawl.com/2014/03/new-york-city-march-17-2014,http://cdn2.theawl.com/wp-content/uploads/2014/03/weather-review-sky-031714.jpg
http://www.theawl.com/2014/03/new-york-city-march-16-2014,http://cdn0.theawl.com/wp-content/uploads/2014/03/weather-review-sky-031614.jpg
http://www.theawl.com/2014/03/new-york-city-march-13-2014,http://cdn.theawl.com/wp-content/uploads/2014/03/weather-review-sky-031314.jpg
http://www.theawl.com/2014/03/new-york-city-march-12-2014,http://cdn2.theawl.com/wp-content/uploads/2014/03/weather-review-sky-031214.jpg
http://www.theawl.com/2014/03/new-york-city-march-11-2014,http://cdn2.theawl.com/wp-content/uploads/2014/03/weather-review-sky-031114.jpg
http://www.theawl.com/2014/03/new-york-city-march-10-2014,http://cdn2.theawl.com/wp-content/uploads/2014/03/weather-review-sky-031014.jpg
http://www.theawl.com/2014/03/new-york-city-march-6-2014,http://cdn0.theawl.com/wp-content/uploads/2014/03/weather-review-sky-030614.jpg
http://www.theawl.com/2014/03/new-york-city-march-5-2014,http://cdn2.theawl.com/wp-content/uploads/2014/03/weather-review-sky-030514.jpg
http://www.theawl.com/2014/03/new-york-city-march-4-2014,http://cdn0.theawl.com/wp-content/uploads/2014/03/weather-review-sky-030414.jpg
http://www.theawl.com/2014/03/new-york-city-march-3-2014,http://cdn2.theawl.com/wp-content/uploads/2014/03/weather-review-sky-030314.jpg
http://www.theawl.com/2014/03/new-york-city-february-2-2014-2,http://cdn0.theawl.com/wp-content/uploads/2014/03/weather-review-sky-030214.jpg
http://www.theawl.com/2014/02/new-york-city-february-27-2014,http://cdn2.theawl.com/wp-content/uploads/2014/02/weather-review-sky-022714.jpg
http://www.theawl.com/2014/02/new-york-city-february-26-2014,http://cdn.theawl.com/wp-content/uploads/2014/02/weather-review-sky-022614.jpg
http://www.theawl.com/2014/02/new-york-city-february-25-2014,http://cdn2.theawl.com/wp-content/uploads/2014/02/weather-review-sky-022514.jpg
http://www.theawl.com/2014/02/new-york-city-february-24-2014,http://cdn2.theawl.com/wp-content/uploads/2014/02/weather-review-sky-022414.jpg
http://www.theawl.com/2014/02/new-york-city-february-23-2014,http://cdn2.theawl.com/wp-content/uploads/2014/02/weather-review-sky-022314.jpg
http://www.theawl.com/2014/02/new-york-city-february-20-2014,http://cdn.theawl.com/wp-content/uploads/2014/02/weather-review-sky-022014.jpg
http://www.theawl.com/2014/02/new-york-city-february-19-2014,http://cdn.theawl.com/wp-content/uploads/2014/02/weather-review-sky-021914.jpg
http://www.theawl.com/2014/02/new-york-city-february-18-2014,http://cdn2.theawl.com/wp-content/uploads/2014/02/weather-review-sky-021814.jpg
http://www.theawl.com/2014/02/aberdeen-maryland-to-new-york-city-february-17-2014,http://cdn.theawl.com/wp-content/uploads/2014/02/weather-review-sky-021714.jpg
http://www.theawl.com/2014/02/new-york-city-february-13-2014,http://cdn.theawl.com/wp-content/uploads/2014/02/weather-review-sky-021314.jpg
http://www.theawl.com/2014/02/new-york-city-february-12-2014,http://cdn.theawl.com/wp-content/uploads/2014/02/weather-review-sky-0202141.jpg
http://www.theawl.com/2014/02/new-york-city-february-11-2014,http://cdn2.theawl.com/wp-content/uploads/2014/02/weather-review-sky-021114.jpg
http://www.theawl.com/2014/02/new-york-city-february-10-2014,http://cdn.theawl.com/wp-content/uploads/2014/02/weather-review-sky-021014.jpg
http://www.theawl.com/2014/02/new-york-city-february-6-2014,http://cdn0.theawl.com/wp-content/uploads/2014/02/weather-review-sky-020614.jpg
http://www.theawl.com/2014/02/new-york-city-february-5-2014,http://cdn2.theawl.com/wp-content/uploads/2014/02/weather-review-sky-020514-1.jpg
http://www.theawl.com/2014/02/new-york-city-february-4-2014,http://cdn0.theawl.com/wp-content/uploads/2014/02/weather-review-sky-020514.jpg
http://www.theawl.com/2014/02/new-york-city-february-3-2014,http://cdn2.theawl.com/wp-content/uploads/2014/02/weather-review-sky-020314.jpg
http://www.theawl.com/2014/02/new-york-city-february-2-2014,http://cdn0.theawl.com/wp-content/uploads/2014/02/weather-review-sky-020214.jpg
http://www.theawl.com/2014/01/new-york-city-january-29-2014,http://cdn0.theawl.com/wp-content/uploads/2014/01/weather-review-sky-012914.jpg
http://www.theawl.com/2014/01/new-york-city-to-newark-to-new-york-city-january-28-2014,http://cdn2.theawl.com/wp-content/uploads/2014/01/weather-review-sky-012814.jpg
http://www.theawl.com/2014/01/new-york-city-january-27-2014,http://cdn0.theawl.com/wp-content/uploads/2014/01/weather-review-sky-012714.jpg
http://www.theawl.com/2014/01/new-york-city-january-26-2014,http://cdn0.theawl.com/wp-content/uploads/2014/01/weather-review-sky-012614.jpg
http://www.theawl.com/2014/01/new-york-city-january-23-2014,http://cdn.theawl.com/wp-content/uploads/2014/01/weather-review-sky-012314.jpg
http://www.theawl.com/2014/01/new-york-city-january-22-2014,http://cdn2.theawl.com/wp-content/uploads/2014/01/weather-review-sky-012214.jpg
http://www.theawl.com/2014/01/new-york-city-january-21-2014,http://cdn.theawl.com/wp-content/uploads/2014/01/weather-review-sky-012114.jpg
http://www.theawl.com/2014/01/new-york-city-january-19-2014,http://cdn2.theawl.com/wp-content/uploads/2014/01/weather-review-sky-011914.jpg
http://www.theawl.com/2014/01/new-york-city-january-20-2014,http://cdn.theawl.com/wp-content/uploads/2014/01/weather-review-sky-012014.jpg
http://www.theawl.com/2014/01/new-york-city-january-16-2014,http://cdn0.theawl.com/wp-content/uploads/2014/01/weather-review-sky-011614.jpg
http://www.theawl.com/2014/01/new-york-city-january-14-2013-2,http://cdn0.theawl.com/wp-content/uploads/2014/01/weather-review-sky-011414.jpg
http://www.theawl.com/2014/01/new-york-city-january-12-2013,http://cdn0.theawl.com/wp-content/uploads/2014/01/weather-review-sky-011214.jpg
http://www.theawl.com/2014/01/new-york-city-january-9-2014,http://cdn.theawl.com/wp-content/uploads/2014/01/weather-review-sky-010914.jpg
http://www.theawl.com/2014/01/new-york-city-january-8-2014,http://cdn2.theawl.com/wp-content/uploads/2014/01/weather-review-sky-010814.jpg
http://www.theawl.com/2014/01/new-york-city-january-7-2014,http://cdn2.theawl.com/wp-content/uploads/2014/01/weather-review-sky-010714.jpg
http://www.theawl.com/2014/01/new-york-city-january-6-2014,http://cdn2.theawl.com/wp-content/uploads/2014/01/weather-review-sky-010614.jpg
http://www.theawl.com/2014/01/new-york-city-january-5-2014,http://cdn0.theawl.com/wp-content/uploads/2014/01/weather-review-sky-010514.jpg
http://www.theawl.com/2013/12/new-york-city-december-12-2013,http://cdn.theawl.com/wp-content/uploads/2013/12/weather-review-sky-121213.jpg
http://www.theawl.com/2013/12/new-york-city-december-11-2013,http://cdn.theawl.com/wp-content/uploads/2013/12/weather-review-sky-121113.jpg
http://www.theawl.com/2013/12/new-york-city-december-10-2013,http://cdn2.theawl.com/wp-content/uploads/2013/12/weather-review-sky-121013.jpg
http://www.theawl.com/2013/12/new-york-city-december-9-2013,http://cdn2.theawl.com/wp-content/uploads/2013/12/weather-review-sky-120913.jpg
http://www.theawl.com/2013/12/new-york-city-december-8-2013,http://cdn0.theawl.com/wp-content/uploads/2013/12/weather-review-sky-120813.jpg
http://www.theawl.com/2013/12/new-york-city-december-5-2013,http://cdn2.theawl.com/wp-content/uploads/2013/12/weather-review-sky-120613.jpg
http://www.theawl.com/2013/12/new-york-city-december-4-2013,http://cdn.theawl.com/wp-content/uploads/2013/12/weather-review-sky-120413.jpg
http://www.theawl.com/2013/12/new-york-city-to-larchmont-to-new-york-city-december-3-2013,http://cdn2.theawl.com/wp-content/uploads/2013/12/weather-review-sky-120313.jpg
http://www.theawl.com/2013/12/new-york-city-december-2-2013,http://cdn0.theawl.com/wp-content/uploads/2013/12/weather-review-sky-120213.jpg
http://www.theawl.com/2013/12/new-york-city-december-1-2013,http://cdn0.theawl.com/wp-content/uploads/2013/12/weather-review-sky-120113.jpg
http://www.theawl.com/2013/11/new-york-city-november-25-2013,http://cdn.theawl.com/wp-content/uploads/2013/11/weather-review-sky-112513.jpg
http://www.theawl.com/2013/11/new-york-city-november-24-2013,http://cdn0.theawl.com/wp-content/uploads/2013/11/weather-review-sky-112413.jpg
http://www.theawl.com/2013/11/new-york-city-november-21-2013,http://cdn.theawl.com/wp-content/uploads/2013/11/weather-review-sky-112113.jpg
http://www.theawl.com/2013/11/new-york-city-november-20-2013,http://cdn0.theawl.com/wp-content/uploads/2013/11/weather-review-sky-112013-copy.jpg
http://www.theawl.com/2013/11/new-york-city-november-19-2013,http://cdn2.theawl.com/wp-content/uploads/2013/11/weather-review-sky-111913.jpg
http://www.theawl.com/2013/08/new-york-city-august-20-2013,http://cdn0.theawl.com/wp-content/uploads/2013/08/weather-review-sky-082013.jpg
http://www.theawl.com/2013/06/new-york-city-june-9-2013,http://cdn0.theawl.com/wp-content/uploads/2013/06/weather-review-sky-060913.jpg
http://www.theawl.com/2013/05/new-york-city-may-23-2013,http://cdn2.theawl.com/wp-content/uploads/2013/05/weather-review-sky-052313.jpg
http://www.theawl.com/2013/05/new-york-city-may-12-2013,http://cdn2.theawl.com/wp-content/uploads/2013/05/weather-review-sky-051213.jpg
http://www.theawl.com/2013/05/new-york-city-may-9-2013,http://cdn.theawl.com/wp-content/uploads/2013/05/weather-review-sky-050913.jpg
http://www.theawl.com/2013/05/new-york-city-may-8-2013,http://cdn.theawl.com/wp-content/uploads/2013/05/weather-review-sky-050813.jpg
http://www.theawl.com/2013/05/new-york-city-may-1-2013,http://cdn0.theawl.com/wp-content/uploads/2013/05/weather-review-sky-050113.jpg
http://www.theawl.com/2013/04/new-york-city-april-9-2013,http://cdn0.theawl.com/wp-content/uploads/2013/04/weather-review-sky-040913.jpg
http://www.theawl.com/2013/03/new-york-city-march-5-2013,http://cdn2.theawl.com/wp-content/uploads/2013/03/weather-review-sky-030513.jpg
http://www.theawl.com/2013/03/new-york-city-march-3-2013,http://cdn.theawl.com/wp-content/uploads/2013/03/weather-review-sky-030313.jpg
http://www.theawl.com/2013/03/new-york-city-february-28-2013,http://cdn0.theawl.com/wp-content/uploads/2013/03/weather-review-sky-022813.jpg
http://www.theawl.com/2013/02/new-york-city-february-25-2013,http://cdn0.theawl.com/wp-content/uploads/2013/02/weather-review-sky-022513.jpeg
http://www.theawl.com/2013/01/new-york-city-january-10-2013,http://cdn0.theawl.com/wp-content/uploads/2013/01/weather-review-sky-011013.jpeg
http://www.theawl.com/2013/01/new-york-city-january-9-2013,http://cdn0.theawl.com/wp-content/uploads/2013/01/weather-review-sky-010913.jpeg
http://www.theawl.com/2013/01/new-york-city-january-8-2013,http://cdn2.theawl.com/wp-content/uploads/2013/01/weather-review-sky-0108131.jpg
http://www.theawl.com/2013/01/new-york-city-january-7-2013,http://cdn2.theawl.com/wp-content/uploads/2013/01/weather-review-sky-010813.jpg
http://www.theawl.com/2013/01/new-york-city-january-6-2013,http://cdn2.theawl.com/wp-content/uploads/2013/01/weather-review-sky-010613.jpeg
http://www.theawl.com/2012/12/new-york-city-december-20-2012,http://cdn.theawl.com/wp-content/uploads/2012/12/weather-review-sky-122012.jpg
http://www.theawl.com/2012/12/new-york-city-december-17-2012,http://cdn2.theawl.com/wp-content/uploads/2012/12/weather-review-sky-121712.jpeg
http://www.theawl.com/2012/12/new-york-city-december-12-2012,http://cdn.theawl.com/wp-content/uploads/2012/12/weather-review-sky-121212.jpeg
http://www.theawl.com/2012/11/new-york-city-november-27-2012,http://cdn0.theawl.com/wp-content/uploads/2012/11/weather-review-sky-112712.jpeg
http://www.theawl.com/2012/08/new-york-city-august-26-2012,http://cdn0.theawl.com/wp-content/uploads/2012/08/weather-review-sky-082612.jpeg
http://www.theawl.com/2012/08/new-york-city-august-23-2012,http://cdn2.theawl.com/wp-content/uploads/2012/08/weather-review-sky-082312.jpeg
